player,age,max_market_value,season
Erling Haaland,24,200000000,2024_2025
Vinicius Junior,24,200000000,2024_2025
Kylian Mbappé,19,200000000,2018_2019
Neymar,25,180000000,2017_2018
Lionel Messi,30,180000000,2017_2018
Raheem Sterling,25,160000000,2019_2020
Lamine Yamal,17,150000000,2024_2025
Phil Foden,23,150000000,2023_2024
Sadio Mané,27,150000000,2019_2020
Mohamed Salah,25,150000000,2017_2018
Harry Kane,24,150000000,2017_2018
Antoine Griezmann,27,150000000,2018_2019
Eden Hazard,27,150000000,2018_2019
Bukayo Saka,22,140000000,2023_2024
Jadon Sancho,19,130000000,2019_2020
Victor Osimhen,24,120000000,2023_2024
Ousmane Dembélé,21,120000000,2018_2019
Cristiano Ronaldo,29,120000000,2014_2015
Rodrygo,23,110000000,2024_2025
Lautaro Martínez,26,110000000,2023_2024
Paulo Dybala,24,110000000,2018_2019
João Félix,19,100000000,2019_2020
Jack Grealish,26,100000000,2021_2022
Leroy Sané,22,100000000,2018_2019
Romelu Lukaku,25,100000000,2018_2019
Mauro Icardi,25,100000000,2018_2019
Julián Alvarez,23,90000000,2023_2024
Rafael Leão,24,90000000,2023_2024
Kai Havertz,19,90000000,2019_2020
Marco Asensio,22,90000000,2018_2019
Serge Gnabry,24,90000000,2019_2020
Roberto Firmino,28,90000000,2019_2020
Heung Min Son,28,90000000,2020_2021
Luis Suárez,28,90000000,2015_2016
Gareth Bale,26,90000000,2016_2017
Robert Lewandowski,29,90000000,2017_2018
Gabriel Martinelli,22,85000000,2023_2024
Khvicha Kvaratskhelia,22,85000000,2022_2023
Dušan Vlahović,22,85000000,2021_2022
Marcus Rashford,23,85000000,2020_2021
Randal Kolo Muani,24,80000000,2023_2024
Luis Díaz,27,80000000,2024_2025
Ansu Fati,17,80000000,2020_2021
Gabriel Jesus,21,80000000,2017_2018
Christopher Nkunku,24,80000000,2022_2023
Timo Werner,24,80000000,2019_2020
Sergio Agüero,29,80000000,2017_2018
Ronaldinho,27,80000000,2007_2008
Antony,22,75000000,2022_2023
Alexander Isak,24,75000000,2023_2024
Nicolas Pépé,24,75000000,2019_2020
Lorenzo Insigne,27,75000000,2018_2019
Pierre Emerick Aubameyang,28,75000000,2017_2018
Thomas Müller,26,75000000,2015_2016
Gonzalo Higuaín,28,75000000,2016_2017
Nico Williams,22,70000000,2024_2025
Darwin Núñez,23,70000000,2022_2023
Mikel Oyarzabal,23,70000000,2020_2021
Federico Chiesa,23,70000000,2021_2022
Viktor Gyökeres,26,70000000,2024_2025
Alexandre Lacazette,28,70000000,2019_2020
Alexis Sánchez,29,70000000,2017_2018
Bradley Barcola,22,65000000,2024_2025
Evan Ferguson,18,65000000,2023_2024
Rasmus Højlund,20,65000000,2023_2024
Michael Olise,22,65000000,2024_2025
Jérémy Doku,21,65000000,2023_2024
Richarlison,22,65000000,2019_2020
Ollie Watkins,28,65000000,2023_2024
Marcus Thuram,26,65000000,2024_2025
Kingsley Coman,24,65000000,2020_2021
Anthony Martial,22,65000000,2017_2018
Álvaro Morata,25,65000000,2017_2018
Ángel Di María,26,65000000,2014_2015
Wayne Rooney,26,65000000,2011_2012
Endrick,17,60000000,2024_2025
Mykhaylo Mudryk,22,60000000,2022_2023
Jonathan David,23,60000000,2022_2023
Anthony Gordon,23,60000000,2023_2024
Cody Gakpo,23,60000000,2022_2023
Raphinha,26,60000000,2023_2024
Takefusa Kubo,22,60000000,2023_2024
Moussa Diaby,22,60000000,2022_2023
Loïs Openda,24,60000000,2023_2024
Diogo Jota,25,60000000,2021_2022
Christian Pulisic,20,60000000,2018_2019
Luka Jović,21,60000000,2019_2020
Riyad Mahrez,27,60000000,2018_2019
Edinson Cavani,26,60000000,2013_2014
Diego Costa,29,60000000,2017_2018
Radamel Falcao,26,60000000,2012_2013
Karim Benzema,28,60000000,2015_2016
Pedro Neto,24,55000000,2023_2024
Memphis Depay,25,55000000,2019_2020
Wilfried Zaha,26,55000000,2019_2020
Douglas Costa,27,55000000,2018_2019
Andriy Shevchenko,29,51000000,2006_2007
Alejandro Garnacho,20,50000000,2024_2025
Mathys Tel,18,50000000,2023_2024
Savinho,20,50000000,2024_2025
Benjamin Sesko,20,50000000,2023_2024
João Pedro,23,50000000,2024_2025
Santiago Gimenez,22,50000000,2023_2024
Gonçalo Ramos,21,50000000,2023_2024
Álex Baena,23,50000000,2024_2025
Mason Greenwood,19,50000000,2020_2021
Kaoru Mitoma,26,50000000,2023_2024
Joshua Zirkzee,23,50000000,2024_2025
Amine Gouiri,22,50000000,2021_2022
Ferran Torres,20,50000000,2019_2020
Arnaut Danjuma,25,50000000,2021_2022
Tammy Abraham,22,50000000,2019_2020
Jarrod Bowen,26,50000000,2023_2024
Iñaki Williams,24,50000000,2019_2020
Ivan Toney,27,50000000,2022_2023
Patrik Schick,26,50000000,2022_2023
Moussa Dembélé,23,50000000,2019_2020
Hakim Ziyech,26,50000000,2019_2020
Raúl Jiménez,28,50000000,2019_2020
Lucas Ocampos,26,50000000,2020_2021
Florian Thauvin,25,50000000,2018_2019
Wissam Ben Yedder,29,50000000,2019_2020
Rodrigo,27,50000000,2018_2019
Paco Alcácer,26,50000000,2019_2020
Suso,25,50000000,2018_2019
Ciro Immobile,28,50000000,2018_2019
Willian,30,50000000,2018_2019
Franck Ribéry,26,50000000,2009_2010
David Villa,28,50000000,2010_2011
Fernando Torres,25,50000000,2009_2010
Thierry Henry,28,50000000,2006_2007
Brennan Johnson,22,48000000,2023_2024
Hulk,27,48000000,2013_2014
Robin Van Persie,28,47500000,2012_2013
Zlatan Ibrahimović,28,46000000,2009_2010
Arda Güler,19,45000000,2024_2025
Victor Boniface,23,45000000,2024_2025
Johan Bakayoko,21,45000000,2023_2024
Matheus Cunha,25,45000000,2023_2024
David Neres,22,45000000,2019_2020
Leon Bailey,20,45000000,2017_2018
Malcom,21,45000000,2017_2018
Hirving Lozano,25,45000000,2020_2021
Dominic Calvert Lewin,23,45000000,2020_2021
Ángel Correa,27,45000000,2021_2022
Dominic Solanke,27,45000000,2024_2025
André Silva,25,45000000,2021_2022
Federico Bernardeschi,24,45000000,2018_2019
Sébastien Haller,25,45000000,2019_2020
Felipe Anderson,26,45000000,2019_2020
Thorgan Hazard,25,45000000,2018_2019
Duván Zapata,28,45000000,2019_2020
Ivan Perisic,28,45000000,2017_2018
Ronaldo,28,45000000,2004_2005
Mario Gómez,26,42000000,2011_2012
Samuel Eto'O,27,42000000,2008_2009
Estêvão,17,40000000,2024_2025
Samu Aghehowa,19,40000000,2023_2024
Vitor Roque,18,40000000,2023_2024
Désiré Doué,19,40000000,2024_2025
Nicolas Jackson,23,40000000,2024_2025
Elye Wahi,20,40000000,2023_2024
Yéremy Pino,19,40000000,2021_2022
Karim Adeyemi,21,40000000,2023_2024
Nico González,25,40000000,2023_2024
Omar Marmoush,25,40000000,2024_2025
Youssef En Nesyri,24,40000000,2021_2022
Bryan Mbeumo,24,40000000,2023_2024
Ademola Lookman,26,40000000,2024_2025
Maxi Gómez,22,40000000,2019_2020
Moise Kean,19,40000000,2019_2020
Krzysztof Piatek,23,40000000,2018_2019
Donyell Malen,25,40000000,2023_2024
Jonathan Ikoné,21,40000000,2019_2020
Everton,23,40000000,2019_2020
Allan Saint Maximin,25,40000000,2022_2023
Serhou Guirassy,27,40000000,2023_2024
Gonçalo Guedes,21,40000000,2017_2018
Adama Traoré,24,40000000,2020_2021
Arkadiusz Milik,25,40000000,2019_2020
Ante Rebić,25,40000000,2019_2020
Michy Batshuayi,24,40000000,2017_2018
Gerard Moreno,29,40000000,2020_2021
Andrea Belotti,24,40000000,2017_2018
Yannick Carrasco,23,40000000,2016_2017
Julian Draxler,24,40000000,2017_2018
Lucas Moura,26,40000000,2019_2020
Pablo Sarabia,26,40000000,2018_2019
Francesco Totti,30,40000000,2006_2007
Arjen Robben,26,40000000,2010_2011
Carlos Tevez,27,40000000,2011_2012
Didier Drogba,29,40000000,2007_2008
Ruud Van Nistelrooy,28,40000000,2004_2005
Pedro Gonçalves,23,38000000,2021_2022
Joaquín Correa,25,38000000,2019_2020
Alassane Plea,25,38000000,2018_2019
Leandro Trossard,29,38000000,2023_2024
Andrej Kramaric,27,38000000,2019_2020
Nani,25,36500000,2012_2013
Robinho,25,36500000,2008_2009
Evanilson,24,35000000,2024_2025
Jamie Gittens,20,35000000,2024_2025
Jhon Durán,20,35000000,2024_2025
Noni Madueke,22,35000000,2024_2025
Brian Brobbey,22,35000000,2023_2024
Martin Terrier,25,35000000,2022_2023
Giacomo Raspadori,22,35000000,2022_2023
Harvey Barnes,23,35000000,2020_2021
Callum Hudson Odoi,18,35000000,2019_2020
Artem Dovbyk,26,35000000,2024_2025
Cengiz Ünder,21,35000000,2018_2019
Eddie Nketiah,24,35000000,2023_2024
Gianluca Scamacca,25,35000000,2024_2025
Milot Rashica,23,35000000,2019_2020
Steven Bergwijn,21,35000000,2019_2020
Miguel Almirón,29,35000000,2022_2023
Gelson Martins,23,35000000,2018_2019
Domenico Berardi,26,35000000,2020_2021
Yussuf Poulsen,24,35000000,2019_2020
Kevin Volland,27,35000000,2019_2020
Jackson Martínez,28,35000000,2015_2016
Christian Benteke,24,35000000,2015_2016
Marko Arnautovic,29,35000000,2018_2019
Alexandre Pato,20,35000000,2009_2010
Arda Turan,27,35000000,2014_2015
José Antonio Reyes,21,35000000,2004_2005
Adriano,23,35000000,2005_2006
Dimitar Berbatov,28,34500000,2008_2009
Alex Iwobi,23,32000000,2019_2020
Dries Mertens,30,32000000,2017_2018
Mario Balotelli,21,32000000,2012_2013
Edin Dzeko,25,32000000,2011_2012
Shaun Wright Phillips,23,31500000,2005_2006
Kenan Yıldız,18,30000000,2023_2024
Maghnes Akliouche,22,30000000,2024_2025
Hugo Ekitiké,22,30000000,2024_2025
Simon Adingra,22,30000000,2023_2024
Maximilian Beier,21,30000000,2023_2024
Armando Broja,21,30000000,2022_2023
Bryan Gil,20,30000000,2021_2022
Amine Adli,24,30000000,2023_2024
Pepê,27,30000000,2024_2025
Folarin Balogun,21,30000000,2023_2024
Youssoufa Moukoko,17,30000000,2022_2023
Trincão,20,30000000,2020_2021
Ismaïla Sarr,21,30000000,2019_2020
Samuel Chukwueze,20,30000000,2019_2020
Wesley Moraes,23,30000000,2019_2020
Marcus Edwards,24,30000000,2023_2024
Albert Gudmundsson,26,30000000,2024_2025
José Antonio Reyes,21,35000000,2004_2005
Adriano,23,35000000,2005_2006
Dimitar Berbatov,28,34500000,2008_2009
Alex Iwobi,23,32000000,2019_2020
Dries Mertens,30,32000000,2017_2018
Mario Balotelli,21,32000000,2012_2013
Edin Dzeko,25,32000000,2011_2012
Shaun Wright Phillips,23,31500000,2005_2006
Kenan Yıldız,18,30000000,2023_2024
Maghnes Akliouche,22,30000000,2024_2025
Hugo Ekitiké,22,30000000,2024_2025
Simon Adingra,22,30000000,2023_2024
Maximilian Beier,21,30000000,2023_2024
Armando Broja,21,30000000,2022_2023
Bryan Gil,20,30000000,2021_2022
Amine Adli,24,30000000,2023_2024
Pepê,27,30000000,2024_2025
Folarin Balogun,21,30000000,2023_2024
Youssoufa Moukoko,17,30000000,2022_2023
Trincão,20,30000000,2020_2021
Ismaïla Sarr,21,30000000,2019_2020
Samuel Chukwueze,20,30000000,2019_2020
Wesley Moraes,23,30000000,2019_2020
Marcus Edwards,24,30000000,2023_2024
Albert Gudmundsson,26,30000000,2024_2025
José Antonio Reyes,21,35000000,2004_2005
Adriano,23,35000000,2005_2006
Dimitar Berbatov,28,34500000,2008_2009
Alex Iwobi,23,32000000,2019_2020
Dries Mertens,30,32000000,2017_2018
Mario Balotelli,21,32000000,2012_2013
Edin Dzeko,25,32000000,2011_2012
Shaun Wright Phillips,23,31500000,2005_2006
Kenan Yıldız,18,30000000,2023_2024
Maghnes Akliouche,22,30000000,2024_2025
Hugo Ekitiké,22,30000000,2024_2025
Simon Adingra,22,30000000,2023_2024
Maximilian Beier,21,30000000,2023_2024
Armando Broja,21,30000000,2022_2023
Bryan Gil,20,30000000,2021_2022
Amine Adli,24,30000000,2023_2024
Pepê,27,30000000,2024_2025
Folarin Balogun,21,30000000,2023_2024
Youssoufa Moukoko,17,30000000,2022_2023
Trincão,20,30000000,2020_2021
Ismaïla Sarr,21,30000000,2019_2020
Samuel Chukwueze,20,30000000,2019_2020
Wesley Moraes,23,30000000,2019_2020
Marcus Edwards,24,30000000,2023_2024
Albert Gudmundsson,26,30000000,2024_2025
José Antonio Reyes,21,35000000,2004_2005
Adriano,23,35000000,2005_2006
Dimitar Berbatov,28,34500000,2008_2009
Alex Iwobi,23,32000000,2019_2020
Dries Mertens,30,32000000,2017_2018
Mario Balotelli,21,32000000,2012_2013
Edin Dzeko,25,32000000,2011_2012
Shaun Wright Phillips,23,31500000,2005_2006
Kenan Yıldız,18,30000000,2023_2024
Maghnes Akliouche,22,30000000,2024_2025
Hugo Ekitiké,22,30000000,2024_2025
Simon Adingra,22,30000000,2023_2024
Maximilian Beier,21,30000000,2023_2024
Armando Broja,21,30000000,2022_2023
Bryan Gil,20,30000000,2021_2022
Amine Adli,24,30000000,2023_2024
Pepê,27,30000000,2024_2025
Folarin Balogun,21,30000000,2023_2024
Youssoufa Moukoko,17,30000000,2022_2023
Trincão,20,30000000,2020_2021
Ismaïla Sarr,21,30000000,2019_2020
Samuel Chukwueze,20,30000000,2019_2020
Wesley Moraes,23,30000000,2019_2020
Marcus Edwards,24,30000000,2023_2024
Albert Gudmundsson,26,30000000,2024_2025
José Antonio Reyes,21,35000000,2004_2005
Adriano,23,35000000,2005_2006
Dimitar Berbatov,28,34500000,2008_2009
Alex Iwobi,23,32000000,2019_2020
Dries Mertens,30,32000000,2017_2018
Mario Balotelli,21,32000000,2012_2013
Edin Dzeko,25,32000000,2011_2012
Shaun Wright Phillips,23,31500000,2005_2006
Kenan Yıldız,18,30000000,2023_2024
Maghnes Akliouche,22,30000000,2024_2025
Hugo Ekitiké,22,30000000,2024_2025
Simon Adingra,22,30000000,2023_2024
Maximilian Beier,21,30000000,2023_2024
Armando Broja,21,30000000,2022_2023
Bryan Gil,20,30000000,2021_2022
Amine Adli,24,30000000,2023_2024
Pepê,27,30000000,2024_2025
Folarin Balogun,21,30000000,2023_2024
Youssoufa Moukoko,17,30000000,2022_2023
Trincão,20,30000000,2020_2021
Ismaïla Sarr,21,30000000,2019_2020
Samuel Chukwueze,20,30000000,2019_2020
Wesley Moraes,23,30000000,2019_2020
Marcus Edwards,24,30000000,2023_2024
Albert Gudmundsson,26,30000000,2024_2025
José Antonio Reyes,21,35000000,2004_2005
Adriano,23,35000000,2005_2006
Dimitar Berbatov,28,34500000,2008_2009
Alex Iwobi,23,32000000,2019_2020
Dries Mertens,30,32000000,2017_2018
Mario Balotelli,21,32000000,2012_2013
Edin Dzeko,25,32000000,2011_2012
Shaun Wright Phillips,23,31500000,2005_2006
Kenan Yıldız,18,30000000,2023_2024
Maghnes Akliouche,22,30000000,2024_2025
Hugo Ekitiké,22,30000000,2024_2025
Simon Adingra,22,30000000,2023_2024
Maximilian Beier,21,30000000,2023_2024
Armando Broja,21,30000000,2022_2023
Bryan Gil,20,30000000,2021_2022
Amine Adli,24,30000000,2023_2024
Pepê,27,30000000,2024_2025
Folarin Balogun,21,30000000,2023_2024
Youssoufa Moukoko,17,30000000,2022_2023
Trincão,20,30000000,2020_2021
Ismaïla Sarr,21,30000000,2019_2020
Samuel Chukwueze,20,30000000,2019_2020
Wesley Moraes,23,30000000,2019_2020
Marcus Edwards,24,30000000,2023_2024
Albert Gudmundsson,26,30000000,2024_2025
José Antonio Reyes,21,35000000,2004_2005
Adriano,23,35000000,2005_2006
Dimitar Berbatov,28,34500000,2008_2009
Alex Iwobi,23,32000000,2019_2020
Dries Mertens,30,32000000,2017_2018
Mario Balotelli,21,32000000,2012_2013
Edin Dzeko,25,32000000,2011_2012
Shaun Wright Phillips,23,31500000,2005_2006
Kenan Yıldız,18,30000000,2023_2024
Maghnes Akliouche,22,30000000,2024_2025
Hugo Ekitiké,22,30000000,2024_2025
Simon Adingra,22,30000000,2023_2024
Maximilian Beier,21,30000000,2023_2024
Armando Broja,21,30000000,2022_2023
Bryan Gil,20,30000000,2021_2022
Amine Adli,24,30000000,2023_2024
Pepê,27,30000000,2024_2025
Folarin Balogun,21,30000000,2023_2024
Youssoufa Moukoko,17,30000000,2022_2023
Trincão,20,30000000,2020_2021
Ismaïla Sarr,21,30000000,2019_2020
Samuel Chukwueze,20,30000000,2019_2020
Wesley Moraes,23,30000000,2019_2020
Marcus Edwards,24,30000000,2023_2024
Albert Gudmundsson,26,30000000,2024_2025
José Antonio Reyes,21,35000000,2004_2005
Adriano,23,35000000,2005_2006
Dimitar Berbatov,28,34500000,2008_2009
Alex Iwobi,23,32000000,2019_2020
Dries Mertens,30,32000000,2017_2018
Mario Balotelli,21,32000000,2012_2013
Edin Dzeko,25,32000000,2011_2012
Shaun Wright Phillips,23,31500000,2005_2006
Kenan Yıldız,18,30000000,2023_2024
Maghnes Akliouche,22,30000000,2024_2025
Hugo Ekitiké,22,30000000,2024_2025
Simon Adingra,22,30000000,2023_2024
Maximilian Beier,21,30000000,2023_2024
Armando Broja,21,30000000,2022_2023
Bryan Gil,20,30000000,2021_2022
Amine Adli,24,30000000,2023_2024
Pepê,27,30000000,2024_2025
Folarin Balogun,21,30000000,2023_2024
Youssoufa Moukoko,17,30000000,2022_2023
Trincão,20,30000000,2020_2021
Ismaïla Sarr,21,30000000,2019_2020
Samuel Chukwueze,20,30000000,2019_2020
Wesley Moraes,23,30000000,2019_2020
Marcus Edwards,24,30000000,2023_2024
Albert Gudmundsson,26,30000000,2024_2025
José Antonio Reyes,21,35000000,2004_2005
Adriano,23,35000000,2005_2006
Dimitar Berbatov,28,34500000,2008_2009
Alex Iwobi,23,32000000,2019_2020
Dries Mertens,30,32000000,2017_2018
Mario Balotelli,21,32000000,2012_2013
Edin Dzeko,25,32000000,2011_2012
Shaun Wright Phillips,23,31500000,2005_2006
Kenan Yıldız,18,30000000,2023_2024
Maghnes Akliouche,22,30000000,2024_2025
Hugo Ekitiké,22,30000000,2024_2025
Simon Adingra,22,30000000,2023_2024
Maximilian Beier,21,30000000,2023_2024
Armando Broja,21,30000000,2022_2023
Bryan Gil,20,30000000,2021_2022
Amine Adli,24,30000000,2023_2024
Pepê,27,30000000,2024_2025
Folarin Balogun,21,30000000,2023_2024
Youssoufa Moukoko,17,30000000,2022_2023
Trincão,20,30000000,2020_2021
Ismaïla Sarr,21,30000000,2019_2020
Samuel Chukwueze,20,30000000,2019_2020
Wesley Moraes,23,30000000,2019_2020
Marcus Edwards,24,30000000,2023_2024
Albert Gudmundsson,26,30000000,2024_2025
José Antonio Reyes,21,35000000,2004_2005
Adriano,23,35000000,2005_2006
Dimitar Berbatov,28,34500000,2008_2009
Alex Iwobi,23,32000000,2019_2020
Dries Mertens,30,32000000,2017_2018
Mario Balotelli,21,32000000,2012_2013
Edin Dzeko,25,32000000,2011_2012
Shaun Wright Phillips,23,31500000,2005_2006
Kenan Yıldız,18,30000000,2023_2024
Maghnes Akliouche,22,30000000,2024_2025
Hugo Ekitiké,22,30000000,2024_2025
Simon Adingra,22,30000000,2023_2024
Maximilian Beier,21,30000000,2023_2024
Armando Broja,21,30000000,2022_2023
Bryan Gil,20,30000000,2021_2022
Amine Adli,24,30000000,2023_2024
Pepê,27,30000000,2024_2025
Folarin Balogun,21,30000000,2023_2024
Youssoufa Moukoko,17,30000000,2022_2023
Trincão,20,30000000,2020_2021
Ismaïla Sarr,21,30000000,2019_2020
Samuel Chukwueze,20,30000000,2019_2020
Wesley Moraes,23,30000000,2019_2020
Marcus Edwards,24,30000000,2023_2024
Albert Gudmundsson,26,30000000,2024_2025
José Antonio Reyes,21,35000000,2004_2005
Adriano,23,35000000,2005_2006
Dimitar Berbatov,28,34500000,2008_2009
Alex Iwobi,23,32000000,2019_2020
Dries Mertens,30,32000000,2017_2018
Mario Balotelli,21,32000000,2012_2013
Edin Dzeko,25,32000000,2011_2012
Shaun Wright Phillips,23,31500000,2005_2006
Kenan Yıldız,18,30000000,2023_2024
Maghnes Akliouche,22,30000000,2024_2025
Hugo Ekitiké,22,30000000,2024_2025
Simon Adingra,22,30000000,2023_2024
Maximilian Beier,21,30000000,2023_2024
Armando Broja,21,30000000,2022_2023
Bryan Gil,20,30000000,2021_2022
Amine Adli,24,30000000,2023_2024
Pepê,27,30000000,2024_2025
Folarin Balogun,21,30000000,2023_2024
Youssoufa Moukoko,17,30000000,2022_2023
Trincão,20,30000000,2020_2021
Ismaïla Sarr,21,30000000,2019_2020
Samuel Chukwueze,20,30000000,2019_2020
Wesley Moraes,23,30000000,2019_2020
Marcus Edwards,24,30000000,2023_2024
Albert Gudmundsson,26,30000000,2024_2025
Trent Alexander Arnold,21,110000000,2019_2020
Virgil Van Dijk,28,100000000,2019_2020
William Saliba,22,80000000,2023_2024
Josko Gvardiol,21,80000000,2023_2024
Alphonso Davies,19,80000000,2020_2021
Rúben Dias,26,80000000,2023_2024
Andrew Robertson,25,80000000,2019_2020
Raphaël Varane,25,80000000,2018_2019
Gabriel Magalhães,26,75000000,2024_2025
Matthijs De Ligt,19,75000000,2019_2020
Marquinhos,27,75000000,2021_2022
Aymeric Laporte,25,75000000,2019_2020
Kalidou Koulibaly,27,75000000,2019_2020
Ronald Araujo,24,70000000,2022_2023
Reece James,22,70000000,2022_2023
Éder Militão,25,70000000,2022_2023
Achraf Hakimi,22,70000000,2021_2022
Alessandro Bastoni,24,70000000,2023_2024
Lucas Hernández,23,70000000,2018_2019
José María Giménez,24,70000000,2018_2019
João Cancelo,28,70000000,2022_2023
Harry Maguire,26,70000000,2019_2020
Samuel Umtiti,24,70000000,2018_2019
Jordi Alba,29,70000000,2018_2019
Marcelo,30,70000000,2018_2019
Nuno Mendes,20,65000000,2022_2023
Wesley Fofana,21,65000000,2022_2023
Cristian Romero,25,65000000,2023_2024
Milan Skriniar,26,65000000,2021_2022
David Alaba,27,65000000,2019_2020
Bremer,26,60000000,2023_2024
Min Jae Kim,26,60000000,2023_2024
Jules Koundé,22,60000000,2020_2021
Dayot Upamecano,21,60000000,2020_2021
Davinson Sánchez,23,60000000,2019_2020
Theo Hernández,25,60000000,2022_2023
John Stones,24,60000000,2018_2019
Clément Lenglet,23,60000000,2019_2020
Niklas Süle,23,60000000,2019_2020
Daniel Carvajal,26,60000000,2017_2018
Stefan De Vrij,27,60000000,2019_2020
Mats Hummels,29,60000000,2017_2018
Leny Yoro,18,55000000,2024_2025
Levi Colwill,20,55000000,2023_2024
Micky Van De Ven,23,55000000,2023_2024
Ben White,25,55000000,2023_2024
Marc Cucurella,24,55000000,2022_2023
Alejandro Balde,19,50000000,2023_2024
Lisandro Martínez,24,50000000,2022_2023
Renan Lodi,22,50000000,2020_2021
Nahuel Molina,25,50000000,2023_2024
Pau Torres,23,50000000,2020_2021
Benjamin Pavard,27,50000000,2023_2024
Diego Carlos,27,50000000,2020_2021
Ben Chilwell,22,50000000,2019_2020
Fikayo Tomori,24,50000000,2022_2023
Ferland Mendy,25,50000000,2020_2021
José Gayà,24,50000000,2019_2020
Federico Dimarco,26,50000000,2023_2024
Alessio Romagnoli,24,50000000,2018_2019
Kyle Walker,27,50000000,2017_2018
Antonio Rüdiger,26,50000000,2019_2020
Alex Sandro,27,50000000,2017_2018
Sergio Ramos,31,50000000,2017_2018
Gerard Piqué,31,50000000,2017_2018
António Silva,19,45000000,2023_2024
Giorgio Scalvini,20,45000000,2023_2024
Edmond Tapsoba,25,45000000,2023_2024
Destiny Udogie,21,45000000,2023_2024
Pedro Porro,24,45000000,2023_2024
Gonçalo Inácio,22,45000000,2024_2025
Riccardo Calafiori,22,45000000,2024_2025
Jurrien Timber,21,45000000,2022_2023
Marc Guéhi,24,45000000,2024_2025
Sven Botman,23,45000000,2022_2023
Ibrahima Konaté,20,45000000,2019_2020
Çağlar Söyüncü,25,45000000,2020_2021
Manuel Akanji,28,45000000,2023_2024
Alejandro Grimaldo,28,45000000,2023_2024
Benjamin Mendy,24,45000000,2018_2019
Marcos Alonso,27,45000000,2018_2019
Konstantinos Manolas,27,45000000,2018_2019
Leonardo Bonucci,30,45000000,2017_2018
Jérôme Boateng,27,45000000,2016_2017
Jarrad Branthwaite,21,42000000,2023_2024
Axel Disasi,25,42000000,2023_2024
Joe Gomez,22,42000000,2019_2020
Oleksandr Zinchenko,26,42000000,2023_2024
Luke Shaw,26,42000000,2021_2022
Nathan Aké,28,42000000,2023_2024
Murillo,22,40000000,2024_2025
Ousmane Diomande,20,40000000,2023_2024
Pau Cubarsí,17,40000000,2024_2025
Rico Lewis,19,40000000,2024_2025
Willian Pacho,22,40000000,2024_2025
Piero Hincapié,22,40000000,2023_2024
Castello Lukeba,20,40000000,2023_2024
Ian Maatsen,22,40000000,2023_2024
Aaron Wan Bissaka,21,40000000,2019_2020
Benoît Badiashile,21,40000000,2022_2023
Nico Schlotterbeck,23,40000000,2022_2023
Diogo Dalot,24,40000000,2023_2024
Robin Le Normand,27,40000000,2023_2024
Presnel Kimpembe,25,40000000,2020_2021
Alex Telles,27,40000000,2019_2020
Nélson Semedo,25,40000000,2018_2019
Ricardo Pereira,26,40000000,2019_2020
Andreas Christensen,21,40000000,2017_2018
Jonathan Tah,22,40000000,2018_2019
Héctor Bellerín,23,40000000,2017_2018
Eric Dier,23,40000000,2017_2018
Raphaël Guerreiro,27,40000000,2021_2022
Stefan Savic,27,40000000,2017_2018
Joel Matip,28,40000000,2019_2020
César Azpilicueta,28,40000000,2017_2018
Diego Godín,30,40000000,2016_2017
Toby Alderweireld,29,40000000,2017_2018
Axel Witsel,29,40000000,2018_2019
Thiago Silva,28,40000000,2012_2013
Maximilian Kilman,27,38000000,2024_2025
Nayef Aguerd,27,38000000,2023_2024
Lukas Klostermann,24,38000000,2020_2021
Nemanja Vidic‎,29,37000000,2010_2011
Dani Alves,28,36000000,2011_2012
Mohamed Simakan,23,35000000,2023_2024
Odilon Kossounou,22,35000000,2023_2024
Malo Gusto,21,35000000,2023_2024
Jean Clair Todibo,23,35000000,2023_2024
Pierre Kalulu,22,35000000,2022_2023
Rayan Aït Nouri,22,35000000,2023_2024
Tino Livramento,21,35000000,2023_2024
Lutsharel Geertruida,23,35000000,2023_2024
Nikola Milenković,21,35000000,2018_2019
Ezri Konsa,26,35000000,2023_2024
Dávid Hancko,26,35000000,2023_2024
Ryan Sessegnon,18,35000000,2018_2019
Alessandro Buongiorno,24,35000000,2024_2025
Pervis Estupiñán,25,35000000,2023_2024
Dan Axel Zagadou,20,35000000,2019_2020
Takehiro Tomiyasu,25,35000000,2023_2024
Eric Bailly,23,35000000,2017_2018
Mario Hermoso,25,35000000,2020_2021
Angeliño,24,35000000,2020_2021
Robin Gosens,26,35000000,2020_2021
Issa Diop,22,35000000,2019_2020
Joachim Andersen,27,35000000,2023_2024
Abdou Diallo,23,35000000,2019_2020
Thilo Kehrer,22,35000000,2018_2019
Nico Elvedi,22,35000000,2018_2019
Victor Lindelöf,24,35000000,2018_2019
Kurt Zouma,25,35000000,2019_2020
Nicolás Tagliafico,27,35000000,2019_2020
Lucas Digne,26,35000000,2019_2020
Matthias Ginter,24,35000000,2018_2019
Thomas Meunier,27,35000000,2018_2019
Kieran Trippier,28,35000000,2018_2019
Eliaquim Mangala,23,35000000,2014_2015
Nacho Fernández,28,35000000,2018_2019
Nicolás Otamendi,29,35000000,2017_2018
Vincent Kompany,25,35000000,2011_2012
Alessandro Nesta,29,35000000,2005_2006
Rio Ferdinand,30,35000000,2009_2010
John Terry,28,35000000,2009_2010
Ilya Zabarnyi,21,32000000,2023_2024
Evan Ndicka,22,32000000,2022_2023
Ozan Kabak,19,32000000,2019_2020
Kieran Tierney,23,32000000,2020_2021
Tyrone Mings,28,32000000,2021_2022
Iñigo Martínez,26,32000000,2017_2018
Felipe,30,32000000,2019_2020
Jan Vertonghen,30,32000000,2017_2018
Maicon,29,32000000,2010_2011
Jorrel Hato,18,30000000,2023_2024
Lucas Beraldo,20,30000000,2024_2025
Cristhian Mosquera,19,30000000,2024_2025
Aaron Hickey,21,30000000,2023_2024
Roger Ibañez,24,30000000,2022_2023
Dani Vivian,25,30000000,2024_2025
Malick Thiaw,22,30000000,2023_2024
Emerson Royal,23,30000000,2022_2023
Jakub Kiwior,24,30000000,2023_2024
Ferdi Kadıoğlu,24,30000000,2024_2025
Sergiño Dest,20,30000000,2021_2022
Igor Zubeldia,22,30000000,2019_2020
Hiroki Ito,25,30000000,2023_2024
Mouctar Diakhaby,23,30000000,2019_2020
Merih Demiral,21,30000000,2019_2020
Noussair Mazraoui,26,30000000,2023_2024
Denzel Dumfries,27,30000000,2023_2024
Yerry Mina,23,30000000,2018_2019
Álvaro Odriozola,22,30000000,2018_2019
Gianluca Mancini,24,30000000,2020_2021
Yeray Álvarez,24,30000000,2019_2020
Djené,28,30000000,2019_2020
Emerson,25,30000000,2019_2020
Alessandro Florenzi,27,30000000,2018_2019
Michael Keane,26,30000000,2019_2020
Mário Fernandes,28,30000000,2019_2020
Shkodran Mustafi,24,30000000,2016_2017
Danny Rose,27,30000000,2017_2018
David Luiz,27,30000000,2014_2015
Jesús Navas,24,30000000,2010_2011
Pepe,24,30000000,2007_2008
Ricardo Carvalho,26,30000000,2004_2005
Carles Puyol,29,30000000,2007_2008
Roberto Carlos,31,30000000,2004_2005
Philipp Lahm,29,30000000,2013_2014
Giorgio Chiellini,27,28500000,2012_2013
Tyrick Mitchell,23,28000000,2022_2023
Josip Stanisic,24,28000000,2023_2024
Maxence Lacroix,21,28000000,2021_2022
Matty Cash,26,28000000,2023_2024
Vitaliy Mykolenko,24,28000000,2023_2024
Rico Henry,25,28000000,2023_2024
Sergio Reguilón,23,28000000,2020_2021
Timothy Castagne,25,28000000,2020_2021
James Tarkowski,27,28000000,2020_2021
Ricardo Rodríguez,21,28000000,2014_2015
Medhi Benatia,27,28000000,2014_2015
Sokratis Papastathopoulos,28,28000000,2016_2017
Gianluca Zambrotta,27,28000000,2004_2005
Antonio Valencia,26,27500000,2012_2013
Marash Kumbulla,20,27000000,2020_2021
Olivier Boscagli,26,27000000,2023_2024
Lewis Dunk,28,27000000,2020_2021
Ashley Young,26,27000000,2012_2013
Patrice Evra,28,27000000,2009_2010
Ashley Cole,29,27000000,2009_2010
David Raum,24,26000000,2022_2023
Leonardo Spinazzola,27,26000000,2020_2021
Michael Kayode,19,25000000,2024_2025
Wilfried Singo,23,25000000,2024_2025
Yan Couto,22,25000000,2024_2025
Strahinja Pavlović,22,25000000,2023_2024
Radu Drăgușin,22,25000000,2023_2024
Miguel Gutiérrez,22,25000000,2024_2025
Taylor Harwood Bellis,21,25000000,2023_2024
Juan Foyth,24,25000000,2022_2023
Facundo Medina,24,25000000,2023_2024
Nathan Collins,22,25000000,2023_2024
Andrea Cambiaso,24,25000000,2023_2024
Perr Schuurs,23,25000000,2023_2024
Youcef Atal,23,25000000,2019_2020
James Justin,24,25000000,2022_2023
Junior Firpo,22,25000000,2018_2019
Antonee Robinson,26,25000000,2023_2024
Nordi Mukiele,22,25000000,2019_2020
Ben Godfrey,22,25000000,2020_2021
Kyle Walker Peters,25,25000000,2022_2023
Ridle Baku,23,25000000,2021_2022
Ashley Young,26,27000000,2012_2013
Patrice Evra,28,27000000,2009_2010
Ashley Cole,29,27000000,2009_2010
David Raum,24,26000000,2022_2023
Leonardo Spinazzola,27,26000000,2020_2021
Michael Kayode,19,25000000,2024_2025
Wilfried Singo,23,25000000,2024_2025
Yan Couto,22,25000000,2024_2025
Strahinja Pavlović,22,25000000,2023_2024
Radu Drăgușin,22,25000000,2023_2024
Miguel Gutiérrez,22,25000000,2024_2025
Taylor Harwood Bellis,21,25000000,2023_2024
Juan Foyth,24,25000000,2022_2023
Facundo Medina,24,25000000,2023_2024
Nathan Collins,22,25000000,2023_2024
Andrea Cambiaso,24,25000000,2023_2024
Perr Schuurs,23,25000000,2023_2024
Youcef Atal,23,25000000,2019_2020
James Justin,24,25000000,2022_2023
Junior Firpo,22,25000000,2018_2019
Antonee Robinson,26,25000000,2023_2024
Nordi Mukiele,22,25000000,2019_2020
Ben Godfrey,22,25000000,2020_2021
Kyle Walker Peters,25,25000000,2022_2023
Ridle Baku,23,25000000,2021_2022
Ashley Young,26,27000000,2012_2013
Patrice Evra,28,27000000,2009_2010
Ashley Cole,29,27000000,2009_2010
David Raum,24,26000000,2022_2023
Leonardo Spinazzola,27,26000000,2020_2021
Michael Kayode,19,25000000,2024_2025
Wilfried Singo,23,25000000,2024_2025
Yan Couto,22,25000000,2024_2025
Strahinja Pavlović,22,25000000,2023_2024
Radu Drăgușin,22,25000000,2023_2024
Miguel Gutiérrez,22,25000000,2024_2025
Taylor Harwood Bellis,21,25000000,2023_2024
Juan Foyth,24,25000000,2022_2023
Facundo Medina,24,25000000,2023_2024
Nathan Collins,22,25000000,2023_2024
Andrea Cambiaso,24,25000000,2023_2024
Perr Schuurs,23,25000000,2023_2024
Youcef Atal,23,25000000,2019_2020
James Justin,24,25000000,2022_2023
Junior Firpo,22,25000000,2018_2019
Antonee Robinson,26,25000000,2023_2024
Nordi Mukiele,22,25000000,2019_2020
Ben Godfrey,22,25000000,2020_2021
Kyle Walker Peters,25,25000000,2022_2023
Ridle Baku,23,25000000,2021_2022
Ashley Young,26,27000000,2012_2013
Patrice Evra,28,27000000,2009_2010
Ashley Cole,29,27000000,2009_2010
David Raum,24,26000000,2022_2023
Leonardo Spinazzola,27,26000000,2020_2021
Michael Kayode,19,25000000,2024_2025
Wilfried Singo,23,25000000,2024_2025
Yan Couto,22,25000000,2024_2025
Strahinja Pavlović,22,25000000,2023_2024
Radu Drăgușin,22,25000000,2023_2024
Miguel Gutiérrez,22,25000000,2024_2025
Taylor Harwood Bellis,21,25000000,2023_2024
Juan Foyth,24,25000000,2022_2023
Facundo Medina,24,25000000,2023_2024
Nathan Collins,22,25000000,2023_2024
Andrea Cambiaso,24,25000000,2023_2024
Perr Schuurs,23,25000000,2023_2024
Youcef Atal,23,25000000,2019_2020
James Justin,24,25000000,2022_2023
Junior Firpo,22,25000000,2018_2019
Antonee Robinson,26,25000000,2023_2024
Nordi Mukiele,22,25000000,2019_2020
Ben Godfrey,22,25000000,2020_2021
Kyle Walker Peters,25,25000000,2022_2023
Ridle Baku,23,25000000,2021_2022
Ashley Young,26,27000000,2012_2013
Patrice Evra,28,27000000,2009_2010
Ashley Cole,29,27000000,2009_2010
David Raum,24,26000000,2022_2023
Leonardo Spinazzola,27,26000000,2020_2021
Michael Kayode,19,25000000,2024_2025
Wilfried Singo,23,25000000,2024_2025
Yan Couto,22,25000000,2024_2025
Strahinja Pavlović,22,25000000,2023_2024
Radu Drăgușin,22,25000000,2023_2024
Miguel Gutiérrez,22,25000000,2024_2025
Taylor Harwood Bellis,21,25000000,2023_2024
Juan Foyth,24,25000000,2022_2023
Facundo Medina,24,25000000,2023_2024
Nathan Collins,22,25000000,2023_2024
Andrea Cambiaso,24,25000000,2023_2024
Perr Schuurs,23,25000000,2023_2024
Youcef Atal,23,25000000,2019_2020
James Justin,24,25000000,2022_2023
Junior Firpo,22,25000000,2018_2019
Antonee Robinson,26,25000000,2023_2024
Nordi Mukiele,22,25000000,2019_2020
Ben Godfrey,22,25000000,2020_2021
Kyle Walker Peters,25,25000000,2022_2023
Ridle Baku,23,25000000,2021_2022
Ashley Young,26,27000000,2012_2013
Patrice Evra,28,27000000,2009_2010
Ashley Cole,29,27000000,2009_2010
David Raum,24,26000000,2022_2023
Leonardo Spinazzola,27,26000000,2020_2021
Michael Kayode,19,25000000,2024_2025
Wilfried Singo,23,25000000,2024_2025
Yan Couto,22,25000000,2024_2025
Strahinja Pavlović,22,25000000,2023_2024
Radu Drăgușin,22,25000000,2023_2024
Miguel Gutiérrez,22,25000000,2024_2025
Taylor Harwood Bellis,21,25000000,2023_2024
Juan Foyth,24,25000000,2022_2023
Facundo Medina,24,25000000,2023_2024
Nathan Collins,22,25000000,2023_2024
Andrea Cambiaso,24,25000000,2023_2024
Perr Schuurs,23,25000000,2023_2024
Youcef Atal,23,25000000,2019_2020
James Justin,24,25000000,2022_2023
Junior Firpo,22,25000000,2018_2019
Antonee Robinson,26,25000000,2023_2024
Nordi Mukiele,22,25000000,2019_2020
Ben Godfrey,22,25000000,2020_2021
Kyle Walker Peters,25,25000000,2022_2023
Ridle Baku,23,25000000,2021_2022
Ashley Young,26,27000000,2012_2013
Patrice Evra,28,27000000,2009_2010
Ashley Cole,29,27000000,2009_2010
David Raum,24,26000000,2022_2023
Leonardo Spinazzola,27,26000000,2020_2021
Michael Kayode,19,25000000,2024_2025
Wilfried Singo,23,25000000,2024_2025
Yan Couto,22,25000000,2024_2025
Strahinja Pavlović,22,25000000,2023_2024
Radu Drăgușin,22,25000000,2023_2024
Miguel Gutiérrez,22,25000000,2024_2025
Taylor Harwood Bellis,21,25000000,2023_2024
Juan Foyth,24,25000000,2022_2023
Facundo Medina,24,25000000,2023_2024
Nathan Collins,22,25000000,2023_2024
Andrea Cambiaso,24,25000000,2023_2024
Perr Schuurs,23,25000000,2023_2024
Youcef Atal,23,25000000,2019_2020
James Justin,24,25000000,2022_2023
Junior Firpo,22,25000000,2018_2019
Antonee Robinson,26,25000000,2023_2024
Nordi Mukiele,22,25000000,2019_2020
Ben Godfrey,22,25000000,2020_2021
Kyle Walker Peters,25,25000000,2022_2023
Ridle Baku,23,25000000,2021_2022
Ashley Young,26,27000000,2012_2013
Patrice Evra,28,27000000,2009_2010
Ashley Cole,29,27000000,2009_2010
David Raum,24,26000000,2022_2023
Leonardo Spinazzola,27,26000000,2020_2021
Michael Kayode,19,25000000,2024_2025
Wilfried Singo,23,25000000,2024_2025
Yan Couto,22,25000000,2024_2025
Strahinja Pavlović,22,25000000,2023_2024
Radu Drăgușin,22,25000000,2023_2024
Miguel Gutiérrez,22,25000000,2024_2025
Taylor Harwood Bellis,21,25000000,2023_2024
Juan Foyth,24,25000000,2022_2023
Facundo Medina,24,25000000,2023_2024
Nathan Collins,22,25000000,2023_2024
Andrea Cambiaso,24,25000000,2023_2024
Perr Schuurs,23,25000000,2023_2024
Youcef Atal,23,25000000,2019_2020
James Justin,24,25000000,2022_2023
Junior Firpo,22,25000000,2018_2019
Antonee Robinson,26,25000000,2023_2024
Nordi Mukiele,22,25000000,2019_2020
Ben Godfrey,22,25000000,2020_2021
Kyle Walker Peters,25,25000000,2022_2023
Ridle Baku,23,25000000,2021_2022
Ashley Young,26,27000000,2012_2013
Patrice Evra,28,27000000,2009_2010
Ashley Cole,29,27000000,2009_2010
David Raum,24,26000000,2022_2023
Leonardo Spinazzola,27,26000000,2020_2021
Michael Kayode,19,25000000,2024_2025
Wilfried Singo,23,25000000,2024_2025
Yan Couto,22,25000000,2024_2025
Strahinja Pavlović,22,25000000,2023_2024
Radu Drăgușin,22,25000000,2023_2024
Miguel Gutiérrez,22,25000000,2024_2025
Taylor Harwood Bellis,21,25000000,2023_2024
Juan Foyth,24,25000000,2022_2023
Facundo Medina,24,25000000,2023_2024
Nathan Collins,22,25000000,2023_2024
Andrea Cambiaso,24,25000000,2023_2024
Perr Schuurs,23,25000000,2023_2024
Youcef Atal,23,25000000,2019_2020
James Justin,24,25000000,2022_2023
Junior Firpo,22,25000000,2018_2019
Antonee Robinson,26,25000000,2023_2024
Nordi Mukiele,22,25000000,2019_2020
Ben Godfrey,22,25000000,2020_2021
Kyle Walker Peters,25,25000000,2022_2023
Ridle Baku,23,25000000,2021_2022
Ashley Young,26,27000000,2012_2013
Patrice Evra,28,27000000,2009_2010
Ashley Cole,29,27000000,2009_2010
David Raum,24,26000000,2022_2023
Leonardo Spinazzola,27,26000000,2020_2021
Michael Kayode,19,25000000,2024_2025
Wilfried Singo,23,25000000,2024_2025
Yan Couto,22,25000000,2024_2025
Strahinja Pavlović,22,25000000,2023_2024
Radu Drăgușin,22,25000000,2023_2024
Miguel Gutiérrez,22,25000000,2024_2025
Taylor Harwood Bellis,21,25000000,2023_2024
Juan Foyth,24,25000000,2022_2023
Facundo Medina,24,25000000,2023_2024
Nathan Collins,22,25000000,2023_2024
Andrea Cambiaso,24,25000000,2023_2024
Perr Schuurs,23,25000000,2023_2024
Youcef Atal,23,25000000,2019_2020
James Justin,24,25000000,2022_2023
Junior Firpo,22,25000000,2018_2019
Antonee Robinson,26,25000000,2023_2024
Nordi Mukiele,22,25000000,2019_2020
Ben Godfrey,22,25000000,2020_2021
Kyle Walker Peters,25,25000000,2022_2023
Ridle Baku,23,25000000,2021_2022
Ashley Young,26,27000000,2012_2013
Patrice Evra,28,27000000,2009_2010
Ashley Cole,29,27000000,2009_2010
David Raum,24,26000000,2022_2023
Leonardo Spinazzola,27,26000000,2020_2021
Michael Kayode,19,25000000,2024_2025
Wilfried Singo,23,25000000,2024_2025
Yan Couto,22,25000000,2024_2025
Strahinja Pavlović,22,25000000,2023_2024
Radu Drăgușin,22,25000000,2023_2024
Miguel Gutiérrez,22,25000000,2024_2025
Taylor Harwood Bellis,21,25000000,2023_2024
Juan Foyth,24,25000000,2022_2023
Facundo Medina,24,25000000,2023_2024
Nathan Collins,22,25000000,2023_2024
Andrea Cambiaso,24,25000000,2023_2024
Perr Schuurs,23,25000000,2023_2024
Youcef Atal,23,25000000,2019_2020
James Justin,24,25000000,2022_2023
Junior Firpo,22,25000000,2018_2019
Antonee Robinson,26,25000000,2023_2024
Nordi Mukiele,22,25000000,2019_2020
Ben Godfrey,22,25000000,2020_2021
Kyle Walker Peters,25,25000000,2022_2023
Ridle Baku,23,25000000,2021_2022
Jude Bellingham,20,180000000,2023_2024
Kevin De Bruyne,26,150000000,2017_2018
Philippe Coutinho,26,150000000,2018_2019
Florian Wirtz,21,130000000,2023_2024
Jamal Musiala,21,130000000,2024_2025
Federico Valverde,26,130000000,2024_2025
Rodri,28,130000000,2024_2025
Declan Rice,25,120000000,2023_2024
Martin Ødegaard,25,110000000,2023_2024
Pedri,19,100000000,2022_2023
Eduardo Camavinga,21,100000000,2024_2025
Aurélien Tchouaméni,24,100000000,2024_2025
Bernardo Silva,24,100000000,2019_2020
N'Golo Kanté,27,100000000,2018_2019
Dele Alli,22,100000000,2017_2018
Paul Pogba,26,100000000,2019_2020
Christian Eriksen,27,100000000,2019_2020
Moisés Caicedo,21,90000000,2023_2024
Gavi,18,90000000,2022_2023
Cole Palmer,22,90000000,2024_2025
Frenkie De Jong,22,90000000,2019_2020
Sergej Milinković Savić,23,90000000,2018_2019
Bruno Fernandes,26,90000000,2020_2021
Joshua Kimmich,26,90000000,2020_2021
Saúl Ñíguez,23,90000000,2018_2019
Isco,26,90000000,2018_2019
Enzo Fernández,22,85000000,2022_2023
Bruno Guimarães,25,85000000,2023_2024
Xavi Simons,20,80000000,2023_2024
Marcos Llorente,26,80000000,2020_2021
Nicolò Barella,27,80000000,2024_2025
James Rodríguez,23,80000000,2015_2016
Sergio Busquets,29,80000000,2017_2018
Toni Kroos,27,80000000,2017_2018
Casemiro,28,80000000,2019_2020
Alexis Mac Allister,25,75000000,2023_2024
Dominik Szoboszlai,23,75000000,2023_2024
Mason Mount,22,75000000,2020_2021
Marco Verratti,26,75000000,2018_2019
Douglas Luiz,25,70000000,2023_2024
Arthur Melo,22,70000000,2019_2020
James Maddison,26,70000000,2023_2024
Fabinho,26,70000000,2019_2020
Thomas Lemar,22,70000000,2018_2019
Nabil Fekir,25,70000000,2018_2019
Leon Goretzka,26,70000000,2020_2021
Koke,25,70000000,2017_2018
Thiago Alcántara,27,70000000,2018_2019
Miralem Pjanic,28,70000000,2018_2019
Ivan Rakitic,30,70000000,2018_2019
Andrés Iniesta,28,70000000,2012_2013
Kaká,25,70000000,2007_2008
Tanguy Ndombélé,22,65000000,2019_2020
Lucas Paquetá,26,65000000,2023_2024
Naby Keïta,23,65000000,2017_2018
Jorginho,26,65000000,2018_2019
Xavi,29,65000000,2009_2010
Warren Zaïre Emery,17,60000000,2023_2024
João Neves,20,60000000,2024_2025
Eberechi Eze,26,60000000,2024_2025
Manuel Ugarte,22,60000000,2023_2024
Martín Zubimendi,25,60000000,2024_2025
Sandro Tonali,23,60000000,2023_2024
Fabián Ruiz,23,60000000,2019_2020
Dani Olmo,26,60000000,2024_2025
Wilfred Ndidi,24,60000000,2021_2022
João Palhinha,28,60000000,2023_2024
Marcelo Brozovic,27,60000000,2019_2020
Allan,28,60000000,2018_2019
Sergi Roberto,26,60000000,2017_2018
Kobbie Mainoo,19,55000000,2024_2025
Matheus Nunes,25,55000000,2023_2024
Vitinha,24,55000000,2024_2025
Amadou Onana,23,55000000,2024_2025
Dejan Kulusevski,22,55000000,2022_2023
Houssem Aouar,21,55000000,2019_2020
Nicolò Zaniolo,21,55000000,2020_2021
Lucas Torreira,22,55000000,2018_2019
Franck Kessié,24,55000000,2021_2022
Donny Van De Beek,22,55000000,2019_2020
Youri Tielemans,22,55000000,2019_2020
Luis Alberto,27,55000000,2019_2020
Mario Götze,21,55000000,2013_2014
Luka Modric,28,55000000,2014_2015
Cesc Fàbregas,22,55000000,2009_2010
Aleksandar Pavlovic,20,50000000,2024_2025
Fermín López,21,50000000,2024_2025
Roméo Lavia,19,50000000,2023_2024
Mohammed Kudus,23,50000000,2023_2024
Conor Gallagher,24,50000000,2023_2024
Jeremie Frimpong,23,50000000,2023_2024
Mattéo Guendouzi,20,50000000,2019_2020
Carlos Soler,22,50000000,2019_2020
Teun Koopmeiners,26,50000000,2024_2025
Rodrigo Bentancur,22,50000000,2019_2020
Kalvin Phillips,26,50000000,2021_2022
Giovani Lo Celso,23,50000000,2019_2020
Mikel Merino,25,50000000,2021_2022
Thomas Partey,25,50000000,2018_2019
Rúben Neves,22,50000000,2019_2020
Fred,25,50000000,2018_2019
Julian Brandt,23,50000000,2019_2020
Adrien Rabiot,23,50000000,2018_2019
Piotr Zieliński,27,50000000,2020_2021
Granit Xhaka,26,50000000,2018_2019
İlkay Gündoğan,28,50000000,2019_2020
Georginio Wijnaldum,28,50000000,2019_2020
Mesut Özil,24,50000000,2013_2014
David Silva,26,50000000,2012_2013
Marco Reus,25,50000000,2014_2015
Steven Gerrard,29,50000000,2009_2010
Pape Matar Sarr,21,45000000,2023_2024
Exequiel Palacios,25,45000000,2023_2024
Denis Zakaria,23,45000000,2019_2020
Dani Ceballos,23,45000000,2019_2020
Lorenzo Pellegrini,25,45000000,2021_2022
Tomas Soucek,26,45000000,2021_2022
Corentin Tolisso,23,45000000,2018_2019
Pierre Emile Højbjerg,27,45000000,2022_2023
Hakan Çalhanoğlu,30,45000000,2024_2025
Mateo Kovacic,25,45000000,2019_2020
Aaron Ramsey,27,45000000,2017_2018
Juan Mata,25,45000000,2013_2014
Radja Nainggolan,29,45000000,2017_2018
Arturo Vidal,27,45000000,2014_2015
Wesley Sneijder,26,45000000,2010_2011
Frank Lampard,31,45000000,2009_2010
Enzo Millot,22,42000000,2024_2025
Giovanni Reyna,18,42000000,2021_2022
Jacob Ramsey,22,42000000,2023_2024
Joelinton,26,42000000,2023_2024
Marcel Sabitzer,26,42000000,2020_2021
João Gomes,23,40000000,2024_2025
Manu Koné,22,40000000,2023_2024
Éderson,24,40000000,2024_2025
Oihan Sancet,24,40000000,2024_2025
Ryan Gravenberch,22,40000000,2024_2025
Khéphren Thuram,22,40000000,2023_2024
Morten Hjulmand,24,40000000,2024_2025
Morgan Gibbs White,23,40000000,2023_2024
Joey Veerman,25,40000000,2023_2024
Emile Smith Rowe,21,40000000,2021_2022
Frank Anguissa,27,40000000,2022_2023
Ismaël Bennacer,23,40000000,2020_2021
Brahim Díaz,24,40000000,2024_2025
Brais Méndez,26,40000000,2023_2024
Rodrigo De Paul,27,40000000,2021_2022
Harry Winks,23,40000000,2019_2020
Stanislav Lobotka,28,40000000,2023_2024
Tiemoué Bakayoko,23,40000000,2017_2018
Leandro Paredes,24,40000000,2018_2019
Filip Kostić,27,40000000,2019_2020
Alex Oxlade Chamberlain,24,40000000,2017_2018
Jesse Lingard,25,40000000,2018_2019
Emre Can,25,40000000,2019_2020
Oscar,23,40000000,2014_2015
Nemanja Matic,26,40000000,2015_2016
Paulinho,29,40000000,2017_2018
Javi Martínez,29,40000000,2017_2018
Marek Hamsik,26,40000000,2013_2014
David Beckham,29,40000000,2004_2005
Bastian Schweinsteiger,26,40000000,2010_2011
Boubacar Kamara,24,38000000,2023_2024
Joe Willock,23,38000000,2023_2024
Florian Neuhaus,23,38000000,2020_2021
James Ward Prowse,28,38000000,2022_2023
Daniele De Rossi,26,38000000,2009_2010
Michael Essien,22,38000000,2005_2006
Henrikh Mkhitaryan,27,37000000,2016_2017
Yaya Touré,29,36500000,2012_2013
Andrea Pirlo,28,36000000,2007_2008
Alan Varela,22,35000000,2024_2025
Georgiy Sudakov,21,35000000,2024_2025
Harvey Elliott,19,35000000,2022_2023
Cheick Doucouré,23,35000000,2023_2024
Orkun Kökçü,22,35000000,2023_2024
Curtis Jones,23,35000000,2023_2024
Nicolò Fagioli,22,35000000,2023_2024
Quinten Timber,23,35000000,2024_2025
Yves Bissouma,25,35000000,2021_2022
Edson Álvarez,25,35000000,2022_2023
Davide Frattesi,24,35000000,2024_2025
Ibrahim Sangaré,24,35000000,2022_2023
Jerdy Schouten,27,35000000,2024_2025
Emiliano Buendía,24,35000000,2021_2022
Scott Mctominay,24,35000000,2020_2021
Manuel Locatelli,22,35000000,2020_2021
Otávio,28,35000000,2023_2024
Jean Michaël Seri,26,35000000,2017_2018
Jordan Veretout,28,35000000,2020_2021
João Mário,23,35000000,2016_2017
Gylfi Sigurdsson,29,35000000,2019_2020
Jordan Henderson,28,35000000,2019_2020
Dani Parejo,30,35000000,2019_2020
Sami Khedira,27,35000000,2014_2015
Xabi Alonso,28,35000000,2010_2011
Patrick Vieira,28,35000000,2004_2005
Michael Ballack,29,35000000,2005_2006
Charles De Ketelaere,23,34000000,2024_2025
Jack Wilshere,21,33000000,2013_2014
John Mcginn,27,32000000,2022_2023
Seko Fofana,28,32000000,2023_2024
Leander Dendoncker,25,32000000,2020_2021
Kerem Demirbay,25,32000000,2019_2020
Juan Cuadrado,26,32000000,2014_2015
Fernandinho,28,32000000,2013_2014
Anderson,19,31500000,2007_2008
Claudio Marchisio,26,31000000,2012_2013
Esteban Cambiasso,29,31000000,2010_2011
Arthur Vermeeren,18,30000000,2023_2024
Pablo Barrios,21,30000000,2024_2025
Adam Wharton,20,30000000,2023_2024
Gabri Veiga,20,30000000,2022_2023
Samuel Lino,24,30000000,2024_2025
Bilal El Khannouss,20,30000000,2024_2025
Rayan Cherki,19,30000000,2023_2024
Youssouf Fofana,25,30000000,2024_2025
Mohamed Camara,23,30000000,2023_2024
Fábio Vieira,22,30000000,2022_2023
Kiernan Dewsbury Hall,25,30000000,2023_2024
Tijjani Reijnders,25,30000000,2024_2025
Mats Wieffer,24,30000000,2023_2024
Brenden Aaronson,21,30000000,2022_2023
Amine Harit,22,30000000,2019_2020
Pablo Fornals,22,30000000,2018_2019
Daichi Kamada,26,30000000,2022_2023
Marc Roca,22,30000000,2019_2020
Mathias Jensen,27,30000000,2023_2024
Nikola Vlašić,23,30000000,2020_2021
Sofyan Amrabat,26,30000000,2023_2024
Carles Aleñá,21,30000000,2019_2020
Aleksandr Golovin,22,30000000,2018_2019
Joan Jordán,26,30000000,2020_2021
Renato Sanches,18,30000000,2016_2017
Konrad Laimer,22,30000000,2019_2020
André Gomes,22,30000000,2016_2017
Stefano Sensi,24,30000000,2019_2020
Ruslan Malinovskyi,28,30000000,2020_2021
Ruben Loftus Cheek,23,30000000,2019_2020
Julian Weigl,22,30000000,2017_2018
Maximilian Eggestein,22,30000000,2019_2020
Jean Philippe Gbamin,23,30000000,2018_2019
Danilo Pereira,27,30000000,2019_2020
Ross Barkley,25,30000000,2019_2020
Geoffrey Kondogbia,25,30000000,2017_2018
Idrissa Gueye,30,30000000,2019_2020
William Carvalho,24,30000000,2016_2017
Ander Herrera,27,30000000,2017_2018
Victor Wanyama,26,30000000,2017_2018
Nico Gaitán,27,30000000,2015_2016
Daichi Kamada,26,30000000,2022_2023
Marc Roca,22,30000000,2019_2020
Mathias Jensen,27,30000000,2023_2024
Nikola Vlašić,23,30000000,2020_2021
Sofyan Amrabat,26,30000000,2023_2024
Carles Aleñá,21,30000000,2019_2020
Aleksandr Golovin,22,30000000,2018_2019
Joan Jordán,26,30000000,2020_2021
Renato Sanches,18,30000000,2016_2017
Konrad Laimer,22,30000000,2019_2020
André Gomes,22,30000000,2016_2017
Stefano Sensi,24,30000000,2019_2020
Ruslan Malinovskyi,28,30000000,2020_2021
Ruben Loftus Cheek,23,30000000,2019_2020
Julian Weigl,22,30000000,2017_2018
Maximilian Eggestein,22,30000000,2019_2020
Jean Philippe Gbamin,23,30000000,2018_2019
Danilo Pereira,27,30000000,2019_2020
Ross Barkley,25,30000000,2019_2020
Geoffrey Kondogbia,25,30000000,2017_2018
Idrissa Gueye,30,30000000,2019_2020
William Carvalho,24,30000000,2016_2017
Ander Herrera,27,30000000,2017_2018
Victor Wanyama,26,30000000,2017_2018
Nico Gaitán,27,30000000,2015_2016
Daichi Kamada,26,30000000,2022_2023
Marc Roca,22,30000000,2019_2020
Mathias Jensen,27,30000000,2023_2024
Nikola Vlašić,23,30000000,2020_2021
Sofyan Amrabat,26,30000000,2023_2024
Carles Aleñá,21,30000000,2019_2020
Aleksandr Golovin,22,30000000,2018_2019
Joan Jordán,26,30000000,2020_2021
Renato Sanches,18,30000000,2016_2017
Konrad Laimer,22,30000000,2019_2020
André Gomes,22,30000000,2016_2017
Stefano Sensi,24,30000000,2019_2020
Ruslan Malinovskyi,28,30000000,2020_2021
Ruben Loftus Cheek,23,30000000,2019_2020
Julian Weigl,22,30000000,2017_2018
Maximilian Eggestein,22,30000000,2019_2020
Jean Philippe Gbamin,23,30000000,2018_2019
Danilo Pereira,27,30000000,2019_2020
Ross Barkley,25,30000000,2019_2020
Geoffrey Kondogbia,25,30000000,2017_2018
Idrissa Gueye,30,30000000,2019_2020
William Carvalho,24,30000000,2016_2017
Ander Herrera,27,30000000,2017_2018
Victor Wanyama,26,30000000,2017_2018
Nico Gaitán,27,30000000,2015_2016
Daichi Kamada,26,30000000,2022_2023
Marc Roca,22,30000000,2019_2020
Mathias Jensen,27,30000000,2023_2024
Nikola Vlašić,23,30000000,2020_2021
Sofyan Amrabat,26,30000000,2023_2024
Carles Aleñá,21,30000000,2019_2020
Aleksandr Golovin,22,30000000,2018_2019
Joan Jordán,26,30000000,2020_2021
Renato Sanches,18,30000000,2016_2017
Konrad Laimer,22,30000000,2019_2020
André Gomes,22,30000000,2016_2017
Stefano Sensi,24,30000000,2019_2020
Ruslan Malinovskyi,28,30000000,2020_2021
Ruben Loftus Cheek,23,30000000,2019_2020
Julian Weigl,22,30000000,2017_2018
Maximilian Eggestein,22,30000000,2019_2020
Jean Philippe Gbamin,23,30000000,2018_2019
Danilo Pereira,27,30000000,2019_2020
Ross Barkley,25,30000000,2019_2020
Geoffrey Kondogbia,25,30000000,2017_2018
Idrissa Gueye,30,30000000,2019_2020
William Carvalho,24,30000000,2016_2017
Ander Herrera,27,30000000,2017_2018
Victor Wanyama,26,30000000,2017_2018
Nico Gaitán,27,30000000,2015_2016
Daichi Kamada,26,30000000,2022_2023
Marc Roca,22,30000000,2019_2020
Mathias Jensen,27,30000000,2023_2024
Nikola Vlašić,23,30000000,2020_2021
Sofyan Amrabat,26,30000000,2023_2024
Carles Aleñá,21,30000000,2019_2020
Aleksandr Golovin,22,30000000,2018_2019
Joan Jordán,26,30000000,2020_2021
Renato Sanches,18,30000000,2016_2017
Konrad Laimer,22,30000000,2019_2020
André Gomes,22,30000000,2016_2017
Stefano Sensi,24,30000000,2019_2020
Ruslan Malinovskyi,28,30000000,2020_2021
Ruben Loftus Cheek,23,30000000,2019_2020
Julian Weigl,22,30000000,2017_2018
Maximilian Eggestein,22,30000000,2019_2020
Jean Philippe Gbamin,23,30000000,2018_2019
Danilo Pereira,27,30000000,2019_2020
Ross Barkley,25,30000000,2019_2020
Geoffrey Kondogbia,25,30000000,2017_2018
Idrissa Gueye,30,30000000,2019_2020
William Carvalho,24,30000000,2016_2017
Ander Herrera,27,30000000,2017_2018
Victor Wanyama,26,30000000,2017_2018
Nico Gaitán,27,30000000,2015_2016
Daichi Kamada,26,30000000,2022_2023
Marc Roca,22,30000000,2019_2020
Mathias Jensen,27,30000000,2023_2024
Nikola Vlašić,23,30000000,2020_2021
Sofyan Amrabat,26,30000000,2023_2024
Carles Aleñá,21,30000000,2019_2020
Aleksandr Golovin,22,30000000,2018_2019
Joan Jordán,26,30000000,2020_2021
Renato Sanches,18,30000000,2016_2017
Konrad Laimer,22,30000000,2019_2020
André Gomes,22,30000000,2016_2017
Stefano Sensi,24,30000000,2019_2020
Ruslan Malinovskyi,28,30000000,2020_2021
Ruben Loftus Cheek,23,30000000,2019_2020
Julian Weigl,22,30000000,2017_2018
Maximilian Eggestein,22,30000000,2019_2020
Jean Philippe Gbamin,23,30000000,2018_2019
Danilo Pereira,27,30000000,2019_2020
Ross Barkley,25,30000000,2019_2020
Geoffrey Kondogbia,25,30000000,2017_2018
Idrissa Gueye,30,30000000,2019_2020
William Carvalho,24,30000000,2016_2017
Ander Herrera,27,30000000,2017_2018
Victor Wanyama,26,30000000,2017_2018
Nico Gaitán,27,30000000,2015_2016
Daichi Kamada,26,30000000,2022_2023
Marc Roca,22,30000000,2019_2020
Mathias Jensen,27,30000000,2023_2024
Nikola Vlašić,23,30000000,2020_2021
Sofyan Amrabat,26,30000000,2023_2024
Carles Aleñá,21,30000000,2019_2020
Aleksandr Golovin,22,30000000,2018_2019
Joan Jordán,26,30000000,2020_2021
Renato Sanches,18,30000000,2016_2017
Konrad Laimer,22,30000000,2019_2020
André Gomes,22,30000000,2016_2017
Stefano Sensi,24,30000000,2019_2020
Ruslan Malinovskyi,28,30000000,2020_2021
Ruben Loftus Cheek,23,30000000,2019_2020
Julian Weigl,22,30000000,2017_2018
Maximilian Eggestein,22,30000000,2019_2020
Jean Philippe Gbamin,23,30000000,2018_2019
Danilo Pereira,27,30000000,2019_2020
Ross Barkley,25,30000000,2019_2020
Geoffrey Kondogbia,25,30000000,2017_2018
Idrissa Gueye,30,30000000,2019_2020
William Carvalho,24,30000000,2016_2017
Ander Herrera,27,30000000,2017_2018
Victor Wanyama,26,30000000,2017_2018
Nico Gaitán,27,30000000,2015_2016
Daichi Kamada,26,30000000,2022_2023
Marc Roca,22,30000000,2019_2020
Mathias Jensen,27,30000000,2023_2024
Nikola Vlašić,23,30000000,2020_2021
Sofyan Amrabat,26,30000000,2023_2024
Carles Aleñá,21,30000000,2019_2020
Aleksandr Golovin,22,30000000,2018_2019
Joan Jordán,26,30000000,2020_2021
Renato Sanches,18,30000000,2016_2017
Konrad Laimer,22,30000000,2019_2020
André Gomes,22,30000000,2016_2017
Stefano Sensi,24,30000000,2019_2020
Ruslan Malinovskyi,28,30000000,2020_2021
Ruben Loftus Cheek,23,30000000,2019_2020
Julian Weigl,22,30000000,2017_2018
Maximilian Eggestein,22,30000000,2019_2020
Jean Philippe Gbamin,23,30000000,2018_2019
Danilo Pereira,27,30000000,2019_2020
Ross Barkley,25,30000000,2019_2020
Geoffrey Kondogbia,25,30000000,2017_2018
Idrissa Gueye,30,30000000,2019_2020
William Carvalho,24,30000000,2016_2017
Ander Herrera,27,30000000,2017_2018
Victor Wanyama,26,30000000,2017_2018
Nico Gaitán,27,30000000,2015_2016
Daichi Kamada,26,30000000,2022_2023
Marc Roca,22,30000000,2019_2020
Mathias Jensen,27,30000000,2023_2024
Nikola Vlašić,23,30000000,2020_2021
Sofyan Amrabat,26,30000000,2023_2024
Carles Aleñá,21,30000000,2019_2020
Aleksandr Golovin,22,30000000,2018_2019
Joan Jordán,26,30000000,2020_2021
Renato Sanches,18,30000000,2016_2017
Konrad Laimer,22,30000000,2019_2020
André Gomes,22,30000000,2016_2017
Stefano Sensi,24,30000000,2019_2020
Ruslan Malinovskyi,28,30000000,2020_2021
Ruben Loftus Cheek,23,30000000,2019_2020
Julian Weigl,22,30000000,2017_2018
Maximilian Eggestein,22,30000000,2019_2020
Jean Philippe Gbamin,23,30000000,2018_2019
Danilo Pereira,27,30000000,2019_2020
Ross Barkley,25,30000000,2019_2020
Geoffrey Kondogbia,25,30000000,2017_2018
Idrissa Gueye,30,30000000,2019_2020
William Carvalho,24,30000000,2016_2017
Ander Herrera,27,30000000,2017_2018
Victor Wanyama,26,30000000,2017_2018
Nico Gaitán,27,30000000,2015_2016
Daichi Kamada,26,30000000,2022_2023
Marc Roca,22,30000000,2019_2020
Mathias Jensen,27,30000000,2023_2024
Nikola Vlašić,23,30000000,2020_2021
Sofyan Amrabat,26,30000000,2023_2024
Carles Aleñá,21,30000000,2019_2020
Aleksandr Golovin,22,30000000,2018_2019
Joan Jordán,26,30000000,2020_2021
Renato Sanches,18,30000000,2016_2017
Konrad Laimer,22,30000000,2019_2020
André Gomes,22,30000000,2016_2017
Stefano Sensi,24,30000000,2019_2020
Ruslan Malinovskyi,28,30000000,2020_2021
Ruben Loftus Cheek,23,30000000,2019_2020
Julian Weigl,22,30000000,2017_2018
Maximilian Eggestein,22,30000000,2019_2020
Jean Philippe Gbamin,23,30000000,2018_2019
Danilo Pereira,27,30000000,2019_2020
Ross Barkley,25,30000000,2019_2020
Geoffrey Kondogbia,25,30000000,2017_2018
Idrissa Gueye,30,30000000,2019_2020
William Carvalho,24,30000000,2016_2017
Ander Herrera,27,30000000,2017_2018
Victor Wanyama,26,30000000,2017_2018
Nico Gaitán,27,30000000,2015_2016
Daichi Kamada,26,30000000,2022_2023
Marc Roca,22,30000000,2019_2020
Mathias Jensen,27,30000000,2023_2024
Nikola Vlašić,23,30000000,2020_2021
Sofyan Amrabat,26,30000000,2023_2024
Carles Aleñá,21,30000000,2019_2020
Aleksandr Golovin,22,30000000,2018_2019
Joan Jordán,26,30000000,2020_2021
Renato Sanches,18,30000000,2016_2017
Konrad Laimer,22,30000000,2019_2020
André Gomes,22,30000000,2016_2017
Stefano Sensi,24,30000000,2019_2020
Ruslan Malinovskyi,28,30000000,2020_2021
Ruben Loftus Cheek,23,30000000,2019_2020
Julian Weigl,22,30000000,2017_2018
Maximilian Eggestein,22,30000000,2019_2020
Jean Philippe Gbamin,23,30000000,2018_2019
Danilo Pereira,27,30000000,2019_2020
Ross Barkley,25,30000000,2019_2020
Geoffrey Kondogbia,25,30000000,2017_2018
Idrissa Gueye,30,30000000,2019_2020
William Carvalho,24,30000000,2016_2017
Ander Herrera,27,30000000,2017_2018
Victor Wanyama,26,30000000,2017_2018
Nico Gaitán,27,30000000,2015_2016
Jan Oblak,26,100000000,2019_2020
Alisson,27,90000000,2019_2020
Marc André Ter Stegen,27,90000000,2019_2020
Thibaut Courtois,28,75000000,2020_2021
Ederson,25,70000000,2019_2020
David De Gea,27,70000000,2017_2018
Gianluigi Donnarumma,22,65000000,2021_2022
Kepa Arrizabalaga,24,60000000,2019_2020
Giorgi Mamardashvili,23,45000000,2024_2025
Diogo Costa,23,45000000,2022_2023
André Onana,23,45000000,2019_2020
Mike Maignan,27,45000000,2023_2024
Manuel Neuer,28,45000000,2014_2015
Aaron Ramsdale,25,40000000,2023_2024
Gregor Kobel,26,40000000,2023_2024
Alex Meret,22,40000000,2019_2020
Jordan Pickford,24,40000000,2018_2019
Wojciech Szczęsny,29,40000000,2019_2020
Guglielmo Vicario,27,35000000,2023_2024
David Raya,28,35000000,2023_2024
Emiliano Martínez,28,35000000,2021_2022
Bernd Leno,27,35000000,2019_2020
Gianluigi Buffon,27,35000000,2005_2006
Iker Casillas,29,35000000,2010_2011
Edouard Mendy,29,32000000,2021_2022
Robert Sánchez,24,32000000,2022_2023
Unai Simón,23,30000000,2020_2021
Hugo Lloris,31,30000000,2018_2019
Petr Cech,26,28500000,2008_2009
Anatoliy Trubin,22,25000000,2023_2024
Lucas Chevalier,22,25000000,2024_2025
Andriy Lunin,25,25000000,2024_2025
Thomas Strakosha,24,25000000,2019_2020
Álex Remiro,27,25000000,2022_2023
Anthony Lopes,28,25000000,2018_2019
Júlio César,30,25000000,2009_2010
Pau López,24,24000000,2019_2020
Joe Hart,25,24000000,2012_2013
Samir Handanovič,28,24000000,2013_2014
Bart Verbruggen,22,22000000,2024_2025
Illan Meslier,22,22000000,2022_2023
Dean Henderson,24,22000000,2020_2021
Jack Butland,25,22000000,2017_2018
Pepe Reina,27,22000000,2010_2011
Salvatore Sirigu,27,21500000,2014_2015
Filip Jørgensen,22,20000000,2024_2025
Marcin Bulka,24,20000000,2024_2025
Djordje Petrovic,24,20000000,2023_2024
Alban Lafont,24,20000000,2022_2023
Caoimhín Kelleher,25,20000000,2023_2024
Matvey Safonov,25,20000000,2024_2025
Juan Musso,26,20000000,2020_2021
Sergio Rico,23,20000000,2016_2017
Nick Pope,31,20000000,2023_2024
Jasper Cillessen,29,20000000,2018_2019
Keylor Navas,29,20000000,2016_2017
Rui Patrício,25,20000000,2012_2013
Igor Akinfeev,23,20000000,2009_2010
Alessio Cragno,24,20000000,2019_2020
Víctor Valdés,28,20000000,2010_2011
Sébastien Frey,27,20000000,2007_2008
Uğurcan Çakır,25,19000000,2020_2021
Guillaume Restes,19,18000000,2024_2025
Gavin Bazunu,21,18000000,2022_2023
James Trafford,21,18000000,2023_2024
Diant Ramaj,22,18000000,2023_2024
Michele Di Gregorio,26,18000000,2024_2025
José Sá,29,18000000,2022_2023
David Soria,26,18000000,2019_2020
Bono,29,18000000,2020_2021
Fernando Pacheco,26,18000000,2018_2019
Odysseas Vlachodimos,26,18000000,2020_2021
Neto,29,18000000,2018_2019
Mattia Perin,24,18000000,2016_2017
Tomas Vaclik,29,18000000,2018_2019
Fernando Muslera,28,18000000,2014_2015
Alphonse Areola,26,17500000,2018_2019
Pierluigi Gollini,25,17000000,2020_2021
Benjamin Lecomte,28,17000000,2019_2020
Steve Mandanda,27,17000000,2011_2012
Marco Carnesecchi,23,16000000,2024_2025
Altay Bayindir,23,16000000,2021_2022
Bartlomiej Dragowski,23,16000000,2021_2022
Alexander Nübel,23,16000000,2019_2020
Diego López,27,16000000,2009_2010
René Adler,25,16000000,2009_2010
Bento,25,15000000,2024_2025
Álvaro Valles,26,15000000,2023_2024
Justin Bijlow,25,15000000,2023_2024
Andrei Radu,22,15000000,2019_2020
Emil Audero,22,15000000,2018_2019
Rui Silva,28,15000000,2022_2023
Dominik Livakovic,26,15000000,2020_2021
Brice Samba,29,15000000,2023_2024
Fraser Forster,28,15000000,2016_2017
Claudio Bravo,32,15000000,2015_2016
Dida,31,15000000,2005_2006
Kamil Grabara,25,14000000,2024_2025
Walter Benítez,29,14000000,2021_2022
Gerónimo Rulli,25,14000000,2017_2018
Ivan Provedel,29,14000000,2023_2024
Koen Casteels,28,14000000,2021_2022
Roman Bürki,28,14000000,2018_2019
Simon Mignolet,26,14000000,2014_2015
Doni,28,14000000,2008_2009
Marco Amelia,24,14000000,2006_2007
Oliver Kahn,35,14000000,2004_2005
Aleksandr Maksimenko,23,13000000,2021_2022
Péter Gulácsi,31,13000000,2021_2022
Yann Sommer,29,13000000,2018_2019
Ralf Fährmann,29,13000000,2018_2019
Asmir Begovic,27,13000000,2014_2015
Federico Marchetti,30,13000000,2013_2014
Jeroen Zoet,27,12500000,2018_2019
Anthony Patterson,24,12000000,2023_2024
Arijanet Muric,24,12000000,2023_2024
Luís Maximiano,23,12000000,2022_2023
Jiri Pavlenka,26,12000000,2018_2019
Mark Flekken,30,12000000,2023_2024
Sam Johnstone,29,12000000,2021_2022
Marko Dmitrovic,27,12000000,2019_2020
Loris Karius,24,12000000,2017_2018
Timo Horn,24,12000000,2017_2018
Onur Kıvrak,26,12000000,2014_2015
Sergio Asenjo,29,12000000,2018_2019
Lukas Hradecky,28,12000000,2018_2019
Kevin Trapp,25,12000000,2015_2016
Diego Alves,25,12000000,2010_2011
Emiliano Viviano,25,12000000,2011_2012
Kasper Schmeichel,31,12000000,2018_2019
Artur Boruc,28,12000000,2008_2009
Diego Benaglio,26,11500000,2009_2010
Maarten Vandevoordt,21,11000000,2023_2024
Maarten Stekelenburg,28,11000000,2010_2011
Mickaël Landreau,25,11000000,2004_2005
Andrey Lunev,27,10500000,2019_2020
Volkan Demirel,29,10500000,2011_2012
Etienne Green,21,10000000,2021_2022
Julen Agirrezabala,23,10000000,2024_2025
Joan García,23,10000000,2024_2025
Noah Atubolu,22,10000000,2023_2024
Ersin Destanoğlu,21,10000000,2021_2022
Yehvann Diouf,23,10000000,2023_2024
Matt Turner,29,10000000,2023_2024
Paul Bernardoni,23,10000000,2020_2021
Florian Müller,21,10000000,2019_2020
Conan Ledesma,29,10000000,2022_2023
Freddie Woodman,24,10000000,2021_2022
Zack Steffen,24,10000000,2019_2020
Georgiy Bushchan,28,10000000,2022_2023
Danny Ward,25,10000000,2018_2019
Angus Gunn,22,10000000,2018_2019
Marco Sportiello,24,10000000,2016_2017
Rubén Blanco,24,10000000,2019_2020
Predrag Rajković,27,10000000,2022_2023
Mathew Ryan,27,10000000,2019_2020
Yuriy Lodygin,25,10000000,2015_2016
Aitor Fernández,28,10000000,2019_2020
Esteban Andrada,28,10000000,2019_2020
Marco Silvestri,29,10000000,2020_2021
Robin Olsen,28,10000000,2018_2019
Vicente Guaita,25,10000000,2012_2013
Oliver Baumann,28,10000000,2018_2019
Andriy Pyatov,26,10000000,2010_2011
Stéphane Ruffier,28,10000000,2014_2015
Eduardo,27,10000000,2010_2011
Heurelho Gomes,29,10000000,2010_2011
Craig Gordon,24,10000000,2007_2008
Carlos Kameni,23,10000000,2007_2008
Cédric Carrasso,28,10000000,2010_2011
Tim Howard,31,10000000,2010_2011
Shay Given,33,10000000,2009_2010
Tim Wiese,28,10000000,2009_2010
Timo Hildebrand,28,10000000,2007_2008
Ron Robert Zieler,25,9500000,2013_2014
Rüştü Reçber,31,9500000,2004_2005
Gabriel Slonina,19,9000000,2023_2024
Mads Hermansen,23,9000000,2023_2024
Mile Svilar,24,9000000,2024_2025
Jonas Omlin,29,9000000,2023_2024
Alfred Gomis,27,9000000,2020_2021
Francesco Bardi,22,9000000,2014_2015
Alexander Schwolow,27,9000000,2019_2020
Stefan Ortega,30,9000000,2023_2024
Adrián,29,9000000,2016_2017
Agustín Marchesín,32,9000000,2020_2021
Roberto,29,9000000,2015_2016
Tim Krul,25,9000000,2013_2014
Lukasz Fabianski,31,9000000,2016_2017
Sergey Ryzhikov,29,9000000,2009_2010
José Moreira,22,9000000,2004_2005
Paul Robinson,26,9000000,2006_2007
Robert Enke,31,9000000,2009_2010
Aleksandr Belenov,28,8500000,2014_2015
Michel Vorm,28,8500000,2012_2013
Manuel Almunia,32,8500000,2009_2010
Allan Mcgregor,28,8500000,2010_2011
Leo Franco,30,8500000,2007_2008
Vladan Kovačević,24,8000000,2022_2023
Josep Martínez,26,8000000,2024_2025
Gautier Larsonneur,23,8000000,2020_2021
Lucas Perri,26,8000000,2023_2024
Jean Butez,28,8000000,2023_2024
Iñaki Peña,24,8000000,2023_2024
Philipp Köhn,25,8000000,2023_2024
Sergio Herrera,28,8000000,2022_2023
Bruno Varela,23,8000000,2018_2019
Matz Sels,27,8000000,2019_2020
David Ospina,26,8000000,2015_2016
Neil Etheridge,29,8000000,2019_2020
Guilherme,26,8000000,2012_2013
Volkan Babacan,27,8000000,2016_2017
Antonio Adán,30,8000000,2017_2018
Andrea Consigli,27,8000000,2014_2015
Guillermo Ochoa,23,8000000,2009_2010
Gianluca Curci,25,8000000,2010_2011
Benoît Costil,26,8000000,2013_2014
Helton,29,8000000,2007_2008
Rob Green,29,8000000,2009_2010
Ivan Pelizzoli,23,8000000,2004_2005
Morgan De Sanctis,28,8000000,2005_2006
Grégory Coupet,32,8000000,2004_2005
Roman Weidenfeller,26,8000000,2006_2007
Jaume Doménech,29,7500000,2019_2020
Ondrej Kolar,26,7500000,2020_2021
Franco Armani,32,7500000,2018_2019
Joel Robles,29,7500000,2019_2020
Martin Dúbravka,31,7500000,2020_2021
Juan Pablo Carrizo,23,7500000,2007_2008
Kiko Casilla,28,7500000,2014_2015
Vladimir Gabulov,26,7500000,2010_2011
Jérémie Janot,29,7500000,2006_2007
Francesco Toldo,32,7500000,2004_2005
Gabriel Grando,21,7000000,2021_2022
Dmytro Riznyk,25,7000000,2024_2025
Matej Kovar,24,7000000,2023_2024
Stefano Turati,22,7000000,2023_2024
Luis Malagón,27,7000000,2024_2025
Dominik Kotarski,24,7000000,2024_2025
Agustín Rossi,27,7000000,2022_2023
João Paulo,27,7000000,2022_2023
Ivo Grbic,24,7000000,2020_2021
Timon Wellenreuther,28,7000000,2023_2024
Helton Leite,30,7000000,2020_2021
Marvin Schwäbe,28,7000000,2023_2024
Tomas Koubek,25,7000000,2018_2019
Hendrik Van Crombrugge,26,7000000,2019_2020
Marco Bizot,29,7000000,2019_2020
Lukasz Skorupski,26,7000000,2017_2018
Etrit Berisha,28,7000000,2017_2018
Franco Armani,32,7500000,2018_2019
Joel Robles,29,7500000,2019_2020
Martin Dúbravka,31,7500000,2020_2021
Juan Pablo Carrizo,23,7500000,2007_2008
Kiko Casilla,28,7500000,2014_2015
Vladimir Gabulov,26,7500000,2010_2011
Jérémie Janot,29,7500000,2006_2007
Francesco Toldo,32,7500000,2004_2005
Gabriel Grando,21,7000000,2021_2022
Dmytro Riznyk,25,7000000,2024_2025
Matej Kovar,24,7000000,2023_2024
Stefano Turati,22,7000000,2023_2024
Luis Malagón,27,7000000,2024_2025
Dominik Kotarski,24,7000000,2024_2025
Agustín Rossi,27,7000000,2022_2023
João Paulo,27,7000000,2022_2023
Ivo Grbic,24,7000000,2020_2021
Timon Wellenreuther,28,7000000,2023_2024
Helton Leite,30,7000000,2020_2021
Marvin Schwäbe,28,7000000,2023_2024
Tomas Koubek,25,7000000,2018_2019
Hendrik Van Crombrugge,26,7000000,2019_2020
Marco Bizot,29,7000000,2019_2020
Lukasz Skorupski,26,7000000,2017_2018
Etrit Berisha,28,7000000,2017_2018
Franco Armani,32,7500000,2018_2019
Joel Robles,29,7500000,2019_2020
Martin Dúbravka,31,7500000,2020_2021
Juan Pablo Carrizo,23,7500000,2007_2008
Kiko Casilla,28,7500000,2014_2015
Vladimir Gabulov,26,7500000,2010_2011
Jérémie Janot,29,7500000,2006_2007
Francesco Toldo,32,7500000,2004_2005
Gabriel Grando,21,7000000,2021_2022
Dmytro Riznyk,25,7000000,2024_2025
Matej Kovar,24,7000000,2023_2024
Stefano Turati,22,7000000,2023_2024
Luis Malagón,27,7000000,2024_2025
Dominik Kotarski,24,7000000,2024_2025
Agustín Rossi,27,7000000,2022_2023
João Paulo,27,7000000,2022_2023
Ivo Grbic,24,7000000,2020_2021
Timon Wellenreuther,28,7000000,2023_2024
Helton Leite,30,7000000,2020_2021
Marvin Schwäbe,28,7000000,2023_2024
Tomas Koubek,25,7000000,2018_2019
Hendrik Van Crombrugge,26,7000000,2019_2020
Marco Bizot,29,7000000,2019_2020
Lukasz Skorupski,26,7000000,2017_2018
Etrit Berisha,28,7000000,2017_2018
Franco Armani,32,7500000,2018_2019
Joel Robles,29,7500000,2019_2020
Martin Dúbravka,31,7500000,2020_2021
Juan Pablo Carrizo,23,7500000,2007_2008
Kiko Casilla,28,7500000,2014_2015
Vladimir Gabulov,26,7500000,2010_2011
Jérémie Janot,29,7500000,2006_2007
Francesco Toldo,32,7500000,2004_2005
Gabriel Grando,21,7000000,2021_2022
Dmytro Riznyk,25,7000000,2024_2025
Matej Kovar,24,7000000,2023_2024
Stefano Turati,22,7000000,2023_2024
Luis Malagón,27,7000000,2024_2025
Dominik Kotarski,24,7000000,2024_2025
Agustín Rossi,27,7000000,2022_2023
João Paulo,27,7000000,2022_2023
Ivo Grbic,24,7000000,2020_2021
Timon Wellenreuther,28,7000000,2023_2024
Helton Leite,30,7000000,2020_2021
Marvin Schwäbe,28,7000000,2023_2024
Tomas Koubek,25,7000000,2018_2019
Hendrik Van Crombrugge,26,7000000,2019_2020
Marco Bizot,29,7000000,2019_2020
Lukasz Skorupski,26,7000000,2017_2018
Etrit Berisha,28,7000000,2017_2018
Franco Armani,32,7500000,2018_2019
Joel Robles,29,7500000,2019_2020
Martin Dúbravka,31,7500000,2020_2021
Juan Pablo Carrizo,23,7500000,2007_2008
Kiko Casilla,28,7500000,2014_2015
Vladimir Gabulov,26,7500000,2010_2011
Jérémie Janot,29,7500000,2006_2007
Francesco Toldo,32,7500000,2004_2005
Gabriel Grando,21,7000000,2021_2022
Dmytro Riznyk,25,7000000,2024_2025
Matej Kovar,24,7000000,2023_2024
Stefano Turati,22,7000000,2023_2024
Luis Malagón,27,7000000,2024_2025
Dominik Kotarski,24,7000000,2024_2025
Agustín Rossi,27,7000000,2022_2023
João Paulo,27,7000000,2022_2023
Ivo Grbic,24,7000000,2020_2021
Timon Wellenreuther,28,7000000,2023_2024
Helton Leite,30,7000000,2020_2021
Marvin Schwäbe,28,7000000,2023_2024
Tomas Koubek,25,7000000,2018_2019
Hendrik Van Crombrugge,26,7000000,2019_2020
Marco Bizot,29,7000000,2019_2020
Lukasz Skorupski,26,7000000,2017_2018
Etrit Berisha,28,7000000,2017_2018
Franco Armani,32,7500000,2018_2019
Joel Robles,29,7500000,2019_2020
Martin Dúbravka,31,7500000,2020_2021
Juan Pablo Carrizo,23,7500000,2007_2008
Kiko Casilla,28,7500000,2014_2015
Vladimir Gabulov,26,7500000,2010_2011
Jérémie Janot,29,7500000,2006_2007
Francesco Toldo,32,7500000,2004_2005
Gabriel Grando,21,7000000,2021_2022
Dmytro Riznyk,25,7000000,2024_2025
Matej Kovar,24,7000000,2023_2024
Stefano Turati,22,7000000,2023_2024
Luis Malagón,27,7000000,2024_2025
Dominik Kotarski,24,7000000,2024_2025
Agustín Rossi,27,7000000,2022_2023
João Paulo,27,7000000,2022_2023
Ivo Grbic,24,7000000,2020_2021
Timon Wellenreuther,28,7000000,2023_2024
Helton Leite,30,7000000,2020_2021
Marvin Schwäbe,28,7000000,2023_2024
Tomas Koubek,25,7000000,2018_2019
Hendrik Van Crombrugge,26,7000000,2019_2020
Marco Bizot,29,7000000,2019_2020
Lukasz Skorupski,26,7000000,2017_2018
Etrit Berisha,28,7000000,2017_2018
Franco Armani,32,7500000,2018_2019
Joel Robles,29,7500000,2019_2020
Martin Dúbravka,31,7500000,2020_2021
Juan Pablo Carrizo,23,7500000,2007_2008
Kiko Casilla,28,7500000,2014_2015
Vladimir Gabulov,26,7500000,2010_2011
Jérémie Janot,29,7500000,2006_2007
Francesco Toldo,32,7500000,2004_2005
Gabriel Grando,21,7000000,2021_2022
Dmytro Riznyk,25,7000000,2024_2025
Matej Kovar,24,7000000,2023_2024
Stefano Turati,22,7000000,2023_2024
Luis Malagón,27,7000000,2024_2025
Dominik Kotarski,24,7000000,2024_2025
Agustín Rossi,27,7000000,2022_2023
João Paulo,27,7000000,2022_2023
Ivo Grbic,24,7000000,2020_2021
Timon Wellenreuther,28,7000000,2023_2024
Helton Leite,30,7000000,2020_2021
Marvin Schwäbe,28,7000000,2023_2024
Tomas Koubek,25,7000000,2018_2019
Hendrik Van Crombrugge,26,7000000,2019_2020
Marco Bizot,29,7000000,2019_2020
Lukasz Skorupski,26,7000000,2017_2018
Etrit Berisha,28,7000000,2017_2018
Franco Armani,32,7500000,2018_2019
Joel Robles,29,7500000,2019_2020
Martin Dúbravka,31,7500000,2020_2021
Juan Pablo Carrizo,23,7500000,2007_2008
Kiko Casilla,28,7500000,2014_2015
Vladimir Gabulov,26,7500000,2010_2011
Jérémie Janot,29,7500000,2006_2007
Francesco Toldo,32,7500000,2004_2005
Gabriel Grando,21,7000000,2021_2022
Dmytro Riznyk,25,7000000,2024_2025
Matej Kovar,24,7000000,2023_2024
Stefano Turati,22,7000000,2023_2024
Luis Malagón,27,7000000,2024_2025
Dominik Kotarski,24,7000000,2024_2025
Agustín Rossi,27,7000000,2022_2023
João Paulo,27,7000000,2022_2023
Ivo Grbic,24,7000000,2020_2021
Timon Wellenreuther,28,7000000,2023_2024
Helton Leite,30,7000000,2020_2021
Marvin Schwäbe,28,7000000,2023_2024
Tomas Koubek,25,7000000,2018_2019
Hendrik Van Crombrugge,26,7000000,2019_2020
Marco Bizot,29,7000000,2019_2020
Lukasz Skorupski,26,7000000,2017_2018
Etrit Berisha,28,7000000,2017_2018
Franco Armani,32,7500000,2018_2019
Joel Robles,29,7500000,2019_2020
Martin Dúbravka,31,7500000,2020_2021
Juan Pablo Carrizo,23,7500000,2007_2008
Kiko Casilla,28,7500000,2014_2015
Vladimir Gabulov,26,7500000,2010_2011
Jérémie Janot,29,7500000,2006_2007
Francesco Toldo,32,7500000,2004_2005
Gabriel Grando,21,7000000,2021_2022
Dmytro Riznyk,25,7000000,2024_2025
Matej Kovar,24,7000000,2023_2024
Stefano Turati,22,7000000,2023_2024
Luis Malagón,27,7000000,2024_2025
Dominik Kotarski,24,7000000,2024_2025
Agustín Rossi,27,7000000,2022_2023
João Paulo,27,7000000,2022_2023
Ivo Grbic,24,7000000,2020_2021
Timon Wellenreuther,28,7000000,2023_2024
Helton Leite,30,7000000,2020_2021
Marvin Schwäbe,28,7000000,2023_2024
Tomas Koubek,25,7000000,2018_2019
Hendrik Van Crombrugge,26,7000000,2019_2020
Marco Bizot,29,7000000,2019_2020
Lukasz Skorupski,26,7000000,2017_2018
Etrit Berisha,28,7000000,2017_2018
Franco Armani,32,7500000,2018_2019
Joel Robles,29,7500000,2019_2020
Martin Dúbravka,31,7500000,2020_2021
Juan Pablo Carrizo,23,7500000,2007_2008
Kiko Casilla,28,7500000,2014_2015
Vladimir Gabulov,26,7500000,2010_2011
Jérémie Janot,29,7500000,2006_2007
Francesco Toldo,32,7500000,2004_2005
Gabriel Grando,21,7000000,2021_2022
Dmytro Riznyk,25,7000000,2024_2025
Matej Kovar,24,7000000,2023_2024
Stefano Turati,22,7000000,2023_2024
Luis Malagón,27,7000000,2024_2025
Dominik Kotarski,24,7000000,2024_2025
Agustín Rossi,27,7000000,2022_2023
João Paulo,27,7000000,2022_2023
Ivo Grbic,24,7000000,2020_2021
Timon Wellenreuther,28,7000000,2023_2024
Helton Leite,30,7000000,2020_2021
Marvin Schwäbe,28,7000000,2023_2024
Tomas Koubek,25,7000000,2018_2019
Hendrik Van Crombrugge,26,7000000,2019_2020
Marco Bizot,29,7000000,2019_2020
Lukasz Skorupski,26,7000000,2017_2018
Etrit Berisha,28,7000000,2017_2018
Franco Armani,32,7500000,2018_2019
Joel Robles,29,7500000,2019_2020
Martin Dúbravka,31,7500000,2020_2021
Juan Pablo Carrizo,23,7500000,2007_2008
Kiko Casilla,28,7500000,2014_2015
Vladimir Gabulov,26,7500000,2010_2011
Jérémie Janot,29,7500000,2006_2007
Francesco Toldo,32,7500000,2004_2005
Gabriel Grando,21,7000000,2021_2022
Dmytro Riznyk,25,7000000,2024_2025
Matej Kovar,24,7000000,2023_2024
Stefano Turati,22,7000000,2023_2024
Luis Malagón,27,7000000,2024_2025
Dominik Kotarski,24,7000000,2024_2025
Agustín Rossi,27,7000000,2022_2023
João Paulo,27,7000000,2022_2023
Ivo Grbic,24,7000000,2020_2021
Timon Wellenreuther,28,7000000,2023_2024
Helton Leite,30,7000000,2020_2021
Marvin Schwäbe,28,7000000,2023_2024
Tomas Koubek,25,7000000,2018_2019
Hendrik Van Crombrugge,26,7000000,2019_2020
Marco Bizot,29,7000000,2019_2020
Lukasz Skorupski,26,7000000,2017_2018
Etrit Berisha,28,7000000,2017_2018
