nation_rank,nation_prev_rank,nation,confederation,points,season
1,1,Argentina,CONMEBOL,1851,2022_2023
2,2,France,UEFA,1841,2022_2023
3,5,Brazil,CONMEBOL,1838,2022_2023
4,4,England,UEFA,1794,2022_2023
5,6,Belgium,UEFA,1793,2022_2023
6,12,Croatia,UEFA,1748,2022_2023
7,7,Netherlands,UEFA,1743,2022_2023
8,8,Portugal,UEFA,1729,2022_2023
9,10,Italy,UEFA,1727,2022_2023
10,3,Spain,UEFA,1711,2022_2023
11,16,United States,CONCACAF,1679,2022_2023
12,17,Mexico,CONCACAF,1661,2022_2023
13,14,Morocco,CAF,1658,2022_2023
14,15,Switzerland,UEFA,1654,2022_2023
15,13,Germany,UEFA,1638,2022_2023
16,9,Colombia,CONMEBOL,1630,2022_2023
17,11,Uruguay,CONMEBOL,1627,2022_2023
18,21,Denmark,UEFA,1607,2022_2023
19,18,Japan,AFC,1605,2022_2023
20,19,Senegal,CAF,1597,2022_2023
21,20,Iran,AFC,1561,2022_2023
22,42,Peru,CONMEBOL,1552,2022_2023
23,29,Sweden,UEFA,1539,2022_2023
24,25,Ukraine,UEFA,1538,2022_2023
25,22,Austria,UEFA,1537,2022_2023
26,23,South Korea,AFC,1533,2022_2023
27,24,Australia,AFC,1532,2022_2023
28,32,Serbia,UEFA,1529,2022_2023
29,41,Tunisia,CAF,1525,2022_2023
30,28,Poland,UEFA,1525,2022_2023
31,48,Scotland,UEFA,1523,2022_2023
32,31,Hungary,UEFA,1518,2022_2023
33,30,Wales,UEFA,1511,2022_2023
34,46,Algeria,CAF,1510,2022_2023
35,36,Egypt,CAF,1509,2022_2023
36,43,Chile,CONMEBOL,1505,2022_2023
37,47,Czech Republic,UEFA,1500,2022_2023
38,27,Ecuador,CONMEBOL,1498,2022_2023
39,33,Russia,UEFA,1496,2022_2023
40,39,Nigeria,CAF,1489,2022_2023
41,51,Cameroon,CAF,1476,2022_2023
42,26,Turkey,UEFA,1475,2022_2023
43,50,Norway,UEFA,1471,2022_2023
44,40,Canada,CONCACAF,1459,2022_2023
45,35,Panama,CONCACAF,1452,2022_2023
46,49,Costa Rica,CONCACAF,1452,2022_2023
47,45,Romania,UEFA,1448,2022_2023
48,44,Slovakia,UEFA,1443,2022_2023
49,53,Mali,CAF,1442,2022_2023
50,38,Ivory Coast,CAF,1438,2022_2023
51,54,Greece,UEFA,1437,2022_2023
52,62,Paraguay,CONMEBOL,1432,2022_2023
53,37,Venezuela,CONMEBOL,1423,2022_2023
54,63,Finland,UEFA,1418,2022_2023
55,58,Republic of Ireland,UEFA,1416,2022_2023
56,59,Jamaica,CONCACAF,1414,2022_2023
57,56,Saudi Arabia,AFC,1413,2022_2023
58,67,Burkina Faso,CAF,1409,2022_2023
59,52,Slovenia,UEFA,1405,2022_2023
60,64,Ghana,CAF,1400,2022_2023
61,34,Qatar,AFC,1396,2022_2023
62,66,Albania,UEFA,1377,2022_2023
63,75,Bosnia and Herzegovina,UEFA,1370,2022_2023
64,60,Democratic Republic of the Congo,CAF,1370,2022_2023
65,57,South Africa,CAF,1368,2022_2023
66,72,North Macedonia,UEFA,1363,2022_2023
67,71,Iceland,UEFA,1352,2022_2023
68,73,Montenegro,UEFA,1349,2022_2023
69,55,Iraq,AFC,1347,2022_2023
70,69,United Arab Emirates,AFC,1342,2022_2023
71,65,Cape Verde,CAF,1337,2022_2023
72,78,Israel,UEFA,1336,2022_2023
73,76,Oman,AFC,1334,2022_2023
74,74,Northern Ireland,UEFA,1333,2022_2023
75,61,Uzbekistan,AFC,1328,2022_2023
76,81,El Salvador,CONCACAF,1307,2022_2023
77,79,Honduras,CONCACAF,1306,2022_2023
78,82,Bulgaria,UEFA,1301,2022_2023
79,70,Georgia,UEFA,1299,2022_2023
80,87,China,AFC,1297,2022_2023
81,77,Guinea,CAF,1293,2022_2023
82,92,Zambia,CAF,1290,2022_2023
83,89,Bolivia,CONMEBOL,1288,2022_2023
84,68,Jordan,AFC,1286,2022_2023
85,84,Luxembourg,UEFA,1274,2022_2023
86,80,Bahrain,AFC,1274,2022_2023
87,85,Haiti,CONCACAF,1271,2022_2023
88,83,Gabon,CAF,1271,2022_2023
89,95,Uganda,CAF,1260,2022_2023
90,86,Curaçao,CONCACAF,1259,2022_2023
91,97,Armenia,UEFA,1254,2022_2023
92,88,Equatorial Guinea,CAF,1249,2022_2023
93,93,Syria,AFC,1246,2022_2023
94,91,Benin,CAF,1245,2022_2023
95,115,Vietnam,AFC,1243,2022_2023
96,102,Kyrgyzstan,AFC,1229,2022_2023
97,96,Palestine,AFC,1224,2022_2023
98,100,Trinidad and Tobago,CONCACAF,1217,2022_2023
99,112,Mauritania,CAF,1207,2022_2023
100,109,Kazakhstan,UEFA,1207,2022_2023
101,116,Lebanon,AFC,1206,2022_2023
102,124,India,AFC,1205,2022_2023
103,107,Guatemala,CONCACAF,1200,2022_2023
104,94,New Zealand,OFC,1199,2022_2023
105,99,Belarus,UEFA,1198,2022_2023
106,114,Guinea-Bissau,CAF,1191,2022_2023
107,118,Republic of the Congo,CAF,1190,2022_2023
108,105,Madagascar,CAF,1188,2022_2023
109,108,Kenya,CAF,1184,2022_2023
110,103,Tajikistan,AFC,1183,2022_2023
111,106,Kosovo,UEFA,1182,2022_2023
112,101,Thailand,AFC,1181,2022_2023
113,104,Mozambique,CAF,1179,2022_2023
114,98,Namibia,CAF,1172,2022_2023
115,123,Estonia,UEFA,1172,2022_2023
116,110,North Korea,AFC,1170,2022_2023
117,90,Angola,CAF,1168,2022_2023
118,132,Gambia,CAF,1161,2022_2023
119,120,Togo,CAF,1158,2022_2023
120,127,Cyprus,UEFA,1156,2022_2023
121,111,Azerbaijan,UEFA,1148,2022_2023
122,113,Tanzania,CAF,1146,2022_2023
123,126,Malawi,CAF,1144,2022_2023
124,122,Sierra Leone,CAF,1144,2022_2023
125,129,Zimbabwe,CAF,1139,2022_2023
126,117,Libya,CAF,1134,2022_2023
127,128,Central African Republic,CAF,1127,2022_2023
128,125,Niger,CAF,1120,2022_2023
129,119,Comoros,CAF,1119,2022_2023
130,121,Sudan,CAF,1109,2022_2023
131,138,Faroe Islands,UEFA,1107,2022_2023
132,147,Philippines,AFC,1099,2022_2023
133,141,Solomon Islands,OFC,1098,2022_2023
134,134,Malaysia,AFC,1095,2022_2023
135,136,Kuwait,AFC,1093,2022_2023
136,137,Latvia,UEFA,1090,2022_2023
137,148,Antigua and Barbuda,CONCACAF,1089,2022_2023
138,130,Nicaragua,CONCACAF,1089,2022_2023
139,131,Rwanda,CAF,1087,2022_2023
140,144,Turkmenistan,AFC,1086,2022_2023
141,139,Burundi,CAF,1080,2022_2023
142,143,Ethiopia,CAF,1073,2022_2023
143,135,Lithuania,UEFA,1072,2022_2023
144,155,Eswatini,CAF,1066,2022_2023
145,140,Suriname,CONCACAF,1063,2022_2023
146,146,Saint Kitts and Nevis,CONCACAF,1058,2022_2023
147,133,Indonesia,AFC,1053,2022_2023
148,159,Hong Kong,AFC,1052,2022_2023
149,145,Botswana,CAF,1051,2022_2023
150,142,Liberia,CAF,1048,2022_2023
151,150,Dominican Republic,CONCACAF,1036,2022_2023
152,149,Lesotho,CAF,1034,2022_2023
153,164,Andorra,UEFA,1025,2022_2023
154,165,Chinese Taipei,AFC,1024,2022_2023
155,163,Maldives,AFC,1022,2022_2023
156,156,Yemen,AFC,1020,2022_2023
157,161,Singapore,AFC,1016,2022_2023
158,151,Afghanistan,AFC,1014,2022_2023
159,152,Moldova,UEFA,1010,2022_2023
160,157,Puerto Rico,CONCACAF,1008,2022_2023
161,166,Myanmar,AFC,1004,2022_2023
162,168,Papua New Guinea,OFC,1003,2022_2023
163,160,New Caledonia,OFC,996,2022_2023
164,158,Tahiti,OFC,995,2022_2023
165,154,Guyana,CONCACAF,994,2022_2023
166,170,Saint Lucia,CONCACAF,988,2022_2023
167,169,South Sudan,CAF,987,2022_2023
168,162,Vanuatu,OFC,986,2022_2023
169,167,Cuba,CONCACAF,981,2022_2023
170,153,Fiji,OFC,980,2022_2023
171,172,Malta,UEFA,972,2022_2023
172,177,Barbados,CONCACAF,970,2022_2023
173,173,Grenada,CONCACAF,959,2022_2023
174,171,Bermuda,CONCACAF,958,2022_2023
175,175,Nepal,AFC,954,2022_2023
176,174,Saint Vincent and the Grenadines,CONCACAF,954,2022_2023
177,180,Cambodia,AFC,949,2022_2023
178,179,Mauritius,CAF,943,2022_2023
179,176,Montserrat,CONCACAF,940,2022_2023
180,183,Belize,CONCACAF,932,2022_2023
181,178,Chad,CAF,930,2022_2023
182,181,Dominica,CONCACAF,911,2022_2023
183,189,Mongolia,AFC,909,2022_2023
184,182,Bhutan,AFC,906,2022_2023
185,185,Macau,AFC,904,2022_2023
186,188,Laos,AFC,900,2022_2023
187,186,Cook Islands,OFC,899,2022_2023
188,191,São Tomé and Príncipe,CAF,898,2022_2023
189,184,Bangladesh,AFC,894,2022_2023
190,193,Djibouti,CAF,889,2022_2023
191,190,Brunei,AFC,888,2022_2023
192,196,Timor-Leste,AFC,860,2022_2023
193,194,Aruba,CONCACAF,858,2022_2023
194,202,Somalia,CAF,855,2022_2023
195,201,Seychelles,CAF,854,2022_2023
196,195,Cayman Islands,CONCACAF,852,2022_2023
197,197,Pakistan,AFC,848,2022_2023
198,198,Gibraltar,UEFA,845,2022_2023
199,199,Liechtenstein,UEFA,844,2022_2023
200,203,Bahamas,CONCACAF,842,2022_2023
201,204,Guam,AFC,838,2022_2023
202,205,Sri Lanka,AFC,825,2022_2023
203,206,Turks and Caicos Islands,CONCACAF,825,2022_2023
204,208,United States Virgin Islands,CONCACAF,817,2022_2023
205,207,British Virgin Islands,CONCACAF,812,2022_2023
206,209,Anguilla,CONCACAF,786,2022_2023
207,210,San Marino,UEFA,750,2022_2023
1,1,Argentina,CONMEBOL,1889,2023_2024
2,2,France,UEFA,1852,2023_2024
3,3,Spain,UEFA,1836,2023_2024
4,4,England,UEFA,1817,2023_2024
5,5,Brazil,CONMEBOL,1772,2023_2024
6,6,Belgium,UEFA,1768,2023_2024
7,7,Netherlands,UEFA,1760,2023_2024
8,8,Portugal,UEFA,1752,2023_2024
9,9,Colombia,CONMEBOL,1739,2023_2024
10,10,Italy,UEFA,1726,2023_2024
11,11,Uruguay,CONMEBOL,1701,2023_2024
12,12,Croatia,UEFA,1700,2023_2024
13,13,Germany,UEFA,1692,2023_2024
14,14,Morocco,CAF,1676,2023_2024
15,15,Switzerland,UEFA,1641,2023_2024
16,18,Japan,AFC,1640,2023_2024
17,17,Mexico,CONCACAF,1636,2023_2024
18,16,United States,CONCACAF,1632,2023_2024
19,20,Iran,AFC,1623,2023_2024
20,21,Denmark,UEFA,1622,2023_2024
21,19,Senegal,CAF,1621,2023_2024
22,22,Austria,UEFA,1580,2023_2024
23,23,South Korea,AFC,1573,2023_2024
24,25,Ukraine,UEFA,1548,2023_2024
25,24,Australia,AFC,1544,2023_2024
26,26,Turkey,UEFA,1539,2023_2024
27,27,Ecuador,CONMEBOL,1535,2023_2024
28,29,Sweden,UEFA,1528,2023_2024
29,30,Wales,UEFA,1527,2023_2024
30,28,Poland,UEFA,1525,2023_2024
31,36,Egypt,CAF,1516,2023_2024
32,31,Hungary,UEFA,1511,2023_2024
33,38,Ivory Coast,CAF,1509,2023_2024
34,33,Russia,UEFA,1509,2023_2024
35,32,Serbia,UEFA,1505,2023_2024
36,41,Tunisia,CAF,1505,2023_2024
37,35,Panama,CONCACAF,1503,2023_2024
38,40,Canada,CONCACAF,1502,2023_2024
39,39,Nigeria,CAF,1498,2023_2024
40,37,Venezuela,CONMEBOL,1489,2023_2024
41,46,Algeria,CAF,1486,2023_2024
42,44,Slovakia,UEFA,1486,2023_2024
43,42,Peru,CONMEBOL,1483,2023_2024
44,34,Qatar,AFC,1482,2023_2024
45,45,Romania,UEFA,1481,2023_2024
46,47,Czech Republic,UEFA,1473,2023_2024
47,50,Norway,UEFA,1472,2023_2024
48,54,Greece,UEFA,1469,2023_2024
49,43,Chile,CONMEBOL,1468,2023_2024
50,49,Costa Rica,CONCACAF,1466,2023_2024
51,52,Slovenia,UEFA,1463,2023_2024
52,48,Scotland,UEFA,1462,2023_2024
53,51,Cameroon,CAF,1459,2023_2024
54,53,Mali,CAF,1455,2023_2024
55,55,Iraq,AFC,1436,2023_2024
56,56,Saudi Arabia,AFC,1433,2023_2024
57,62,Paraguay,CONMEBOL,1424,2023_2024
58,60,Democratic Republic of the Congo,CAF,1417,2023_2024
59,57,South Africa,CAF,1415,2023_2024
60,61,Uzbekistan,AFC,1413,2023_2024
61,59,Jamaica,CONCACAF,1403,2023_2024
62,58,Republic of Ireland,UEFA,1395,2023_2024
63,67,Burkina Faso,CAF,1388,2023_2024
64,63,Finland,UEFA,1384,2023_2024
65,65,Cape Verde,CAF,1379,2023_2024
66,70,Georgia,UEFA,1378,2023_2024
67,66,Albania,UEFA,1378,2023_2024
68,68,Jordan,AFC,1378,2023_2024
69,69,United Arab Emirates,AFC,1377,2023_2024
70,64,Ghana,CAF,1360,2023_2024
71,71,Iceland,UEFA,1356,2023_2024
72,72,North Macedonia,UEFA,1351,2023_2024
73,74,Northern Ireland,UEFA,1340,2023_2024
74,73,Montenegro,UEFA,1333,2023_2024
75,75,Bosnia and Herzegovina,UEFA,1332,2023_2024
76,80,Bahrain,AFC,1315,2023_2024
77,79,Honduras,CONCACAF,1311,2023_2024
78,76,Oman,AFC,1309,2023_2024
79,78,Israel,UEFA,1308,2023_2024
80,81,El Salvador,CONCACAF,1307,2023_2024
81,82,Bulgaria,UEFA,1303,2023_2024
82,77,Guinea,CAF,1298,2023_2024
83,89,Bolivia,CONMEBOL,1294,2023_2024
84,83,Gabon,CAF,1293,2023_2024
85,90,Angola,CAF,1281,2023_2024
86,85,Haiti,CONCACAF,1279,2023_2024
87,84,Luxembourg,UEFA,1262,2023_2024
88,86,Curaçao,CONCACAF,1261,2023_2024
89,91,Benin,CAF,1258,2023_2024
90,95,Uganda,CAF,1258,2023_2024
91,87,China,AFC,1254,2023_2024
92,93,Syria,AFC,1253,2023_2024
93,92,Zambia,CAF,1253,2023_2024
94,88,Equatorial Guinea,CAF,1251,2023_2024
95,94,New Zealand,OFC,1247,2023_2024
96,97,Armenia,UEFA,1230,2023_2024
97,99,Belarus,UEFA,1229,2023_2024
98,96,Palestine,AFC,1229,2023_2024
99,104,Mozambique,CAF,1226,2023_2024
100,101,Thailand,AFC,1223,2023_2024
101,100,Trinidad and Tobago,CONCACAF,1213,2023_2024
102,108,Kenya,CAF,1209,2023_2024
103,103,Tajikistan,AFC,1208,2023_2024
104,106,Kosovo,UEFA,1206,2023_2024
105,98,Namibia,CAF,1201,2023_2024
106,102,Kyrgyzstan,AFC,1201,2023_2024
107,107,Guatemala,CONCACAF,1200,2023_2024
108,105,Madagascar,CAF,1197,2023_2024
109,109,Kazakhstan,UEFA,1193,2023_2024
110,113,Tanzania,CAF,1188,2023_2024
111,110,North Korea,AFC,1183,2023_2024
112,112,Mauritania,CAF,1179,2023_2024
113,111,Azerbaijan,UEFA,1173,2023_2024
114,116,Lebanon,AFC,1167,2023_2024
115,114,Guinea-Bissau,CAF,1166,2023_2024
116,115,Vietnam,AFC,1161,2023_2024
117,118,Republic of the Congo,CAF,1160,2023_2024
118,119,Comoros,CAF,1160,2023_2024
119,120,Togo,CAF,1159,2023_2024
120,121,Sudan,CAF,1154,2023_2024
121,117,Libya,CAF,1154,2023_2024
122,123,Estonia,UEFA,1140,2023_2024
123,127,Cyprus,UEFA,1137,2023_2024
124,129,Zimbabwe,CAF,1135,2023_2024
125,122,Sierra Leone,CAF,1134,2023_2024
126,124,India,AFC,1134,2023_2024
127,125,Niger,CAF,1132,2023_2024
128,128,Central African Republic,CAF,1131,2023_2024
129,133,Indonesia,AFC,1124,2023_2024
130,131,Rwanda,CAF,1123,2023_2024
131,130,Nicaragua,CONCACAF,1118,2023_2024
132,134,Malaysia,AFC,1118,2023_2024
133,126,Malawi,CAF,1117,2023_2024
134,136,Kuwait,AFC,1112,2023_2024
135,132,Gambia,CAF,1109,2023_2024
136,139,Burundi,CAF,1102,2023_2024
137,137,Latvia,UEFA,1098,2023_2024
138,140,Suriname,CONCACAF,1094,2023_2024
139,135,Lithuania,UEFA,1091,2023_2024
140,138,Faroe Islands,UEFA,1090,2023_2024
141,146,Saint Kitts and Nevis,CONCACAF,1068,2023_2024
142,144,Turkmenistan,AFC,1065,2023_2024
143,142,Liberia,CAF,1065,2023_2024
144,141,Solomon Islands,OFC,1064,2023_2024
145,143,Ethiopia,CAF,1063,2023_2024
146,150,Dominican Republic,CONCACAF,1058,2023_2024
147,145,Botswana,CAF,1050,2023_2024
148,147,Philippines,AFC,1050,2023_2024
149,152,Moldova,UEFA,1043,2023_2024
150,153,Fiji,OFC,1038,2023_2024
151,148,Antigua and Barbuda,CONCACAF,1035,2023_2024
152,151,Afghanistan,AFC,1034,2023_2024
153,149,Lesotho,CAF,1034,2023_2024
154,157,Puerto Rico,CONCACAF,1022,2023_2024
155,156,Yemen,AFC,1021,2023_2024
156,154,Guyana,CONCACAF,1020,2023_2024
157,159,Hong Kong,AFC,1018,2023_2024
158,158,Tahiti,OFC,1017,2023_2024
159,155,Eswatini,CAF,1012,2023_2024
160,160,New Caledonia,OFC,1009,2023_2024
161,161,Singapore,AFC,1008,2023_2024
162,162,Vanuatu,OFC,1005,2023_2024
163,163,Maldives,AFC,1003,2023_2024
164,170,Saint Lucia,CONCACAF,998,2023_2024
165,167,Cuba,CONCACAF,992,2023_2024
166,165,Chinese Taipei,AFC,991,2023_2024
167,166,Myanmar,AFC,989,2023_2024
168,168,Papua New Guinea,OFC,984,2023_2024
169,164,Andorra,UEFA,982,2023_2024
170,171,Bermuda,CONCACAF,973,2023_2024
171,172,Malta,UEFA,972,2023_2024
172,169,South Sudan,CAF,968,2023_2024
173,173,Grenada,CONCACAF,947,2023_2024
174,174,Saint Vincent and the Grenadines,CONCACAF,946,2023_2024
175,177,Barbados,CONCACAF,944,2023_2024
176,175,Nepal,AFC,936,2023_2024
177,178,Chad,CAF,932,2023_2024
178,179,Mauritius,CAF,928,2023_2024
179,176,Montserrat,CONCACAF,924,2023_2024
180,180,Cambodia,AFC,920,2023_2024
181,181,Dominica,CONCACAF,917,2023_2024
182,183,Belize,CONCACAF,913,2023_2024
183,190,Brunei,AFC,907,2023_2024
184,182,Bhutan,AFC,904,2023_2024
185,192,Samoa,OFC,901,2023_2024
186,184,Bangladesh,AFC,897,2023_2024
187,188,Laos,AFC,890,2023_2024
188,189,Mongolia,AFC,884,2023_2024
189,187,American Samoa,OFC,883,2023_2024
190,191,São Tomé and Príncipe,CAF,878,2023_2024
191,186,Cook Islands,OFC,878,2023_2024
192,193,Djibouti,CAF,875,2023_2024
193,185,Macau,AFC,872,2023_2024
194,194,Aruba,CONCACAF,868,2023_2024
195,195,Cayman Islands,CONCACAF,857,2023_2024
196,196,Timor-Leste,AFC,845,2023_2024
197,197,Pakistan,AFC,843,2023_2024
198,198,Gibraltar,UEFA,842,2023_2024
199,200,Tonga,OFC,836,2023_2024
200,205,Sri Lanka,AFC,831,2023_2024
201,201,Seychelles,CAF,831,2023_2024
202,202,Somalia,CAF,830,2023_2024
203,199,Liechtenstein,UEFA,827,2023_2024
204,204,Guam,AFC,822,2023_2024
205,203,Bahamas,CONCACAF,817,2023_2024
206,206,Turks and Caicos Islands,CONCACAF,803,2023_2024
207,208,United States Virgin Islands,CONCACAF,792,2023_2024
208,207,British Virgin Islands,CONCACAF,791,2023_2024
209,209,Anguilla,CONCACAF,782,2023_2024
210,210,San Marino,UEFA,746,2023_2024
1,5,Brazil,CONMEBOL,1838,2021_2022
2,6,Belgium,UEFA,1822,2021_2022
3,1,Argentina,CONMEBOL,1771,2021_2022
4,2,France,UEFA,1765,2021_2022
5,4,England,UEFA,1737,2021_2022
6,3,Spain,UEFA,1717,2021_2022
7,10,Italy,UEFA,1714,2021_2022
8,7,Netherlands,UEFA,1679,2021_2022
9,8,Portugal,UEFA,1679,2021_2022
10,21,Denmark,UEFA,1665,2021_2022
11,13,Germany,UEFA,1659,2021_2022
12,17,Mexico,CONCACAF,1650,2021_2022
13,11,Uruguay,CONMEBOL,1641,2021_2022
14,16,United States,CONCACAF,1635,2021_2022
15,12,Croatia,UEFA,1632,2021_2022
16,15,Switzerland,UEFA,1621,2021_2022
17,9,Colombia,CONMEBOL,1604,2021_2022
18,19,Senegal,CAF,1585,2021_2022
19,30,Wales,UEFA,1582,2021_2022
20,29,Sweden,UEFA,1563,2021_2022
21,42,Peru,CONMEBOL,1562,2021_2022
22,20,Iran,AFC,1559,2021_2022
23,14,Morocco,CAF,1558,2021_2022
24,18,Japan,AFC,1555,2021_2022
25,32,Serbia,UEFA,1550,2021_2022
26,28,Poland,UEFA,1546,2021_2022
27,25,Ukraine,UEFA,1543,2021_2022
28,23,South Korea,AFC,1526,2021_2022
29,43,Chile,CONMEBOL,1515,2021_2022
30,41,Tunisia,CAF,1508,2021_2022
31,39,Nigeria,CAF,1505,2021_2022
32,47,Czech Republic,UEFA,1503,2021_2022
33,22,Austria,UEFA,1502,2021_2022
34,49,Costa Rica,CONCACAF,1500,2021_2022
35,33,Russia,UEFA,1493,2021_2022
36,50,Norway,UEFA,1489,2021_2022
37,31,Hungary,UEFA,1487,2021_2022
38,51,Cameroon,CAF,1485,2021_2022
39,24,Australia,AFC,1484,2021_2022
40,36,Egypt,CAF,1483,2021_2022
41,46,Algeria,CAF,1481,2021_2022
42,26,Turkey,UEFA,1475,2021_2022
43,40,Canada,CONCACAF,1474,2021_2022
44,27,Ecuador,CONMEBOL,1464,2021_2022
45,48,Scotland,UEFA,1463,2021_2022
46,53,Mali,CAF,1443,2021_2022
47,58,Republic of Ireland,UEFA,1442,2021_2022
48,34,Qatar,AFC,1442,2021_2022
49,54,Greece,UEFA,1441,2021_2022
50,62,Paraguay,CONMEBOL,1440,2021_2022
51,44,Slovakia,UEFA,1440,2021_2022
52,38,Ivory Coast,CAF,1436,2021_2022
53,56,Saudi Arabia,AFC,1436,2021_2022
54,45,Romania,UEFA,1428,2021_2022
55,67,Burkina Faso,CAF,1426,2021_2022
56,37,Venezuela,CONMEBOL,1405,2021_2022
57,75,Bosnia and Herzegovina,UEFA,1404,2021_2022
58,74,Northern Ireland,UEFA,1399,2021_2022
59,63,Finland,UEFA,1398,2021_2022
60,64,Ghana,CAF,1393,2021_2022
61,35,Panama,CONCACAF,1389,2021_2022
62,59,Jamaica,CONCACAF,1382,2021_2022
63,71,Iceland,UEFA,1380,2021_2022
64,72,North Macedonia,UEFA,1375,2021_2022
65,52,Slovenia,UEFA,1372,2021_2022
66,66,Albania,UEFA,1362,2021_2022
67,73,Montenegro,UEFA,1355,2021_2022
68,57,South Africa,CAF,1351,2021_2022
69,69,United Arab Emirates,AFC,1346,2021_2022
70,55,Iraq,AFC,1339,2021_2022
71,81,El Salvador,CONCACAF,1333,2021_2022
72,60,Democratic Republic of the Congo,CAF,1333,2021_2022
73,65,Cape Verde,CAF,1331,2021_2022
74,82,Bulgaria,UEFA,1325,2021_2022
75,76,Oman,AFC,1323,2021_2022
76,78,Israel,UEFA,1316,2021_2022
77,61,Uzbekistan,AFC,1307,2021_2022
78,87,China,AFC,1305,2021_2022
79,83,Gabon,CAF,1302,2021_2022
80,79,Honduras,CONCACAF,1300,2021_2022
81,89,Bolivia,CONMEBOL,1299,2021_2022
82,70,Georgia,UEFA,1296,2021_2022
83,77,Guinea,CAF,1295,2021_2022
84,86,Curaçao,CONCACAF,1293,2021_2022
85,80,Bahrain,AFC,1289,2021_2022
86,68,Jordan,AFC,1280,2021_2022
87,92,Zambia,CAF,1271,2021_2022
88,85,Haiti,CONCACAF,1269,2021_2022
89,93,Syria,AFC,1265,2021_2022
90,95,Uganda,CAF,1265,2021_2022
91,91,Benin,CAF,1259,2021_2022
92,97,Armenia,UEFA,1242,2021_2022
93,84,Luxembourg,UEFA,1235,2021_2022
94,96,Palestine,AFC,1234,2021_2022
95,102,Kyrgyzstan,AFC,1233,2021_2022
96,99,Belarus,UEFA,1227,2021_2022
97,115,Vietnam,AFC,1219,2021_2022
98,88,Equatorial Guinea,CAF,1215,2021_2022
99,118,Republic of the Congo,CAF,1215,2021_2022
100,116,Lebanon,AFC,1212,2021_2022
101,100,Trinidad and Tobago,CONCACAF,1206,2021_2022
102,108,Kenya,CAF,1202,2021_2022
103,94,New Zealand,OFC,1199,2021_2022
104,124,India,AFC,1199,2021_2022
105,105,Madagascar,CAF,1194,2021_2022
106,106,Kosovo,UEFA,1184,2021_2022
107,112,Mauritania,CAF,1182,2021_2022
108,127,Cyprus,UEFA,1181,2021_2022
109,103,Tajikistan,AFC,1179,2021_2022
110,123,Estonia,UEFA,1177,2021_2022
111,101,Thailand,AFC,1171,2021_2022
112,110,North Korea,AFC,1170,2021_2022
113,122,Sierra Leone,CAF,1170,2021_2022
114,109,Kazakhstan,UEFA,1166,2021_2022
115,114,Guinea-Bissau,CAF,1166,2021_2022
116,104,Mozambique,CAF,1165,2021_2022
117,98,Namibia,CAF,1164,2021_2022
118,107,Guatemala,CONCACAF,1162,2021_2022
119,125,Niger,CAF,1155,2021_2022
120,90,Angola,CAF,1149,2021_2022
121,117,Libya,CAF,1148,2021_2022
122,126,Malawi,CAF,1145,2021_2022
123,129,Zimbabwe,CAF,1139,2021_2022
124,132,Gambia,CAF,1137,2021_2022
125,138,Faroe Islands,UEFA,1136,2021_2022
126,120,Togo,CAF,1130,2021_2022
127,119,Comoros,CAF,1127,2021_2022
128,111,Azerbaijan,UEFA,1127,2021_2022
129,137,Latvia,UEFA,1125,2021_2022
130,121,Sudan,CAF,1125,2021_2022
131,113,Tanzania,CAF,1122,2021_2022
132,148,Antigua and Barbuda,CONCACAF,1117,2021_2022
133,128,Central African Republic,CAF,1116,2021_2022
134,147,Philippines,AFC,1115,2021_2022
135,144,Turkmenistan,AFC,1100,2021_2022
136,131,Rwanda,CAF,1095,2021_2022
137,141,Solomon Islands,OFC,1093,2021_2022
138,143,Ethiopia,CAF,1088,2021_2022
139,130,Nicaragua,CONCACAF,1079,2021_2022
140,146,Saint Kitts and Nevis,CONCACAF,1077,2021_2022
141,139,Burundi,CAF,1076,2021_2022
142,135,Lithuania,UEFA,1074,2021_2022
143,140,Suriname,CONCACAF,1072,2021_2022
144,155,Eswatini,CAF,1071,2021_2022
145,149,Lesotho,CAF,1061,2021_2022
146,145,Botswana,CAF,1060,2021_2022
147,159,Hong Kong,AFC,1058,2021_2022
148,134,Malaysia,AFC,1058,2021_2022
149,136,Kuwait,AFC,1053,2021_2022
150,142,Liberia,CAF,1051,2021_2022
151,150,Dominican Republic,CONCACAF,1032,2021_2022
152,164,Andorra,UEFA,1029,2021_2022
153,156,Yemen,AFC,1024,2021_2022
154,151,Afghanistan,AFC,1023,2021_2022
155,133,Indonesia,AFC,1019,2021_2022
156,163,Maldives,AFC,1018,2021_2022
157,165,Chinese Taipei,AFC,1018,2021_2022
158,166,Myanmar,AFC,1012,2021_2022
159,161,Singapore,AFC,1005,2021_2022
160,160,New Caledonia,OFC,1000,2021_2022
161,168,Papua New Guinea,OFC,998,2021_2022
162,158,Tahiti,OFC,995,2021_2022
163,153,Fiji,OFC,993,2021_2022
164,162,Vanuatu,OFC,991,2021_2022
165,169,South Sudan,CAF,984,2021_2022
166,177,Barbados,CONCACAF,982,2021_2022
167,167,Cuba,CONCACAF,979,2021_2022
168,171,Bermuda,CONCACAF,977,2021_2022
169,172,Malta,UEFA,975,2021_2022
170,157,Puerto Rico,CONCACAF,974,2021_2022
171,173,Grenada,CONCACAF,969,2021_2022
172,154,Guyana,CONCACAF,969,2021_2022
173,170,Saint Lucia,CONCACAF,966,2021_2022
174,180,Cambodia,AFC,954,2021_2022
175,183,Belize,CONCACAF,951,2021_2022
176,175,Nepal,AFC,950,2021_2022
177,152,Moldova,UEFA,945,2021_2022
178,176,Montserrat,CONCACAF,941,2021_2022
179,174,Saint Vincent and the Grenadines,CONCACAF,940,2021_2022
180,179,Mauritius,CAF,932,2021_2022
181,178,Chad,CAF,932,2021_2022
182,185,Macau,AFC,922,2021_2022
183,188,Laos,AFC,915,2021_2022
184,189,Mongolia,AFC,914,2021_2022
185,181,Dominica,CONCACAF,912,2021_2022
186,182,Bhutan,AFC,911,2021_2022
187,191,São Tomé and Príncipe,CAF,908,2021_2022
188,187,American Samoa,OFC,900,2021_2022
189,186,Cook Islands,OFC,899,2021_2022
190,190,Brunei,AFC,897,2021_2022
191,192,Samoa,OFC,894,2021_2022
192,184,Bangladesh,AFC,883,2021_2022
193,193,Djibouti,CAF,878,2021_2022
194,199,Liechtenstein,UEFA,874,2021_2022
195,197,Pakistan,AFC,867,2021_2022
196,195,Cayman Islands,CONCACAF,866,2021_2022
197,200,Tonga,OFC,862,2021_2022
198,201,Seychelles,CAF,860,2021_2022
199,196,Timor-Leste,AFC,860,2021_2022
200,198,Gibraltar,UEFA,857,2021_2022
202,194,Aruba,CONCACAF,855,2021_2022
203,203,Bahamas,CONCACAF,855,2021_2022
204,202,Somalia,CAF,855,2021_2022
205,204,Guam,AFC,838,2021_2022
206,206,Turks and Caicos Islands,CONCACAF,832,2021_2022
207,205,Sri Lanka,AFC,825,2021_2022
208,208,United States Virgin Islands,CONCACAF,824,2021_2022
209,207,British Virgin Islands,CONCACAF,809,2021_2022
210,209,Anguilla,CONCACAF,791,2021_2022
211,210,San Marino,UEFA,764,2021_2022
