club_id,club,num_of_players,90s_played,tackles,tackles_won,tackles_(def_3rd),tackles_(mid_3rd),tackles_(att_3rd),dribblers_tackled,dribbles_challenged,%_of_dribblers_tackled,challenges_lost,blocks,shots_blocked,passes_blocked,interceptions,tkl+int,clearances,errors,league,season
1,AEK Athens,,,,,,,,,,,,,,,,,,,,
1,AEK Athens,,,,,,,,,,,,,,,,,,,,
1,AEK Athens,,,,,,,,,,,,,,,,,,,,
2,AGF,,,,,,,,,,,,,,,,,,,,
2,AGF,,,,,,,,,,,,,,,,,,,,
2,AGF,,,,,,,,,,,,,,,,,,,,
3,AO Kifisia,,,,,,,,,,,,,,,,,,,,
4,AZ Alkmaar,,,,,,,,,,,,,,,,,,,,
4,AZ Alkmaar,,,,,,,,,,,,,,,,,,,,
4,AZ Alkmaar,,,,,,,,,,,,,,,,,,,,
5,Aalborg,,,,,,,,,,,,,,,,,,,,
5,Aalborg,,,,,,,,,,,,,,,,,,,,
6,Adana Demirspor,,,,,,,,,,,,,,,,,,,,
6,Adana Demirspor,,,,,,,,,,,,,,,,,,,,
6,Adana Demirspor,,,,,,,,,,,,,,,,,,,,
7,Admira,,,,,,,,,,,,,,,,,,,,
8,Ajaccio,36.0,38.0,637.0,382.0,321.0,236.0,80.0,313.0,694.0,45.0,381.0,359.0,85.0,274.0,420.0,1057.0,670.0,10.0,Ligue_1,2022_2023
9,Ajax,,,,,,,,,,,,,,,,,,,,
9,Ajax,,,,,,,,,,,,,,,,,,,,
9,Ajax,,,,,,,,,,,,,,,,,,,,
10,Alanyaspor,,,,,,,,,,,,,,,,,,,,
10,Alanyaspor,,,,,,,,,,,,,,,,,,,,
10,Alanyaspor,,,,,,,,,,,,,,,,,,,,
11,Alavés,33.0,38.0,550.0,324.0,271.0,221.0,58.0,262.0,637.0,41.0,375.0,373.0,106.0,267.0,376.0,926.0,890.0,7.0,La_Liga,2021_2022
11,Alavés,30.0,38.0,578.0,347.0,284.0,227.0,67.0,290.0,629.0,46.0,339.0,363.0,117.0,246.0,279.0,857.0,810.0,5.0,La_Liga,2023_2024
12,Almere City,,,,,,,,,,,,,,,,,,,,
13,Almería,29.0,38.0,557.0,322.0,292.0,202.0,63.0,280.0,623.0,44.0,343.0,435.0,122.0,313.0,322.0,879.0,855.0,13.0,La_Liga,2022_2023
13,Almería,35.0,38.0,633.0,372.0,354.0,222.0,57.0,280.0,582.0,48.0,302.0,430.0,134.0,296.0,313.0,946.0,856.0,19.0,La_Liga,2023_2024
14,Altay,,,,,,,,,,,,,,,,,,,,
15,Anderlecht,,,,,,,,,,,,,,,,,,,,
15,Anderlecht,,,,,,,,,,,,,,,,,,,,
15,Anderlecht,,,,,,,,,,,,,,,,,,,,
16,Angers,33.0,38.0,652.0,386.0,311.0,268.0,73.0,310.0,610.0,50.0,300.0,402.0,99.0,303.0,375.0,1027.0,605.0,13.0,Ligue_1,2022_2023
16,Angers,30.0,38.0,619.0,370.0,301.0,253.0,65.0,284.0,659.0,43.0,375.0,384.0,99.0,285.0,423.0,1042.0,631.0,9.0,Ligue_1,2021_2022
17,Ankaragücü,,,,,,,,,,,,,,,,,,,,
17,Ankaragücü,,,,,,,,,,,,,,,,,,,,
18,Antalyaspor,,,,,,,,,,,,,,,,,,,,
18,Antalyaspor,,,,,,,,,,,,,,,,,,,,
18,Antalyaspor,,,,,,,,,,,,,,,,,,,,
19,Antwerp,,,,,,,,,,,,,,,,,,,,
19,Antwerp,,,,,,,,,,,,,,,,,,,,
19,Antwerp,,,,,,,,,,,,,,,,,,,,
20,Apollon Smyrnis,,,,,,,,,,,,,,,,,,,,
21,Arda,,,,,,,,,,,,,,,,,,,,
21,Arda,,,,,,,,,,,,,,,,,,,,
21,Arda,,,,,,,,,,,,,,,,,,,,
22,Aris,,,,,,,,,,,,,,,,,,,,
22,Aris,,,,,,,,,,,,,,,,,,,,
22,Aris,,,,,,,,,,,,,,,,,,,,
23,Arminia,26.0,34.0,549.0,311.0,270.0,235.0,44.0,238.0,543.0,43.0,305.0,395.0,110.0,285.0,421.0,970.0,770.0,7.0,Bundesliga,2021_2022
24,Arouca,31.0,34.0,530.0,339.0,255.0,204.0,71.0,291.0,604.0,48.0,313.0,361.0,92.0,269.0,262.0,792.0,637.0,8.0,Primeira_Liga,2023_2024
24,Arouca,35.0,34.0,496.0,308.0,231.0,211.0,54.0,269.0,557.0,48.0,288.0,316.0,71.0,245.0,355.0,851.0,616.0,8.0,Primeira_Liga,2021_2022
24,Arouca,29.0,34.0,568.0,342.0,305.0,211.0,52.0,282.0,594.0,47.0,312.0,369.0,114.0,255.0,355.0,923.0,777.0,7.0,Primeira_Liga,2022_2023
25,Arsenal,25.0,38.0,610.0,348.0,257.0,246.0,107.0,271.0,543.0,49.0,272.0,412.0,106.0,306.0,292.0,902.0,515.0,18.0,Premier_League,2023_2024
25,Arsenal,26.0,38.0,568.0,343.0,238.0,212.0,118.0,249.0,509.0,48.0,260.0,362.0,86.0,276.0,237.0,805.0,599.0,23.0,Premier_League,2022_2023
25,Arsenal,27.0,38.0,540.0,311.0,261.0,195.0,84.0,244.0,500.0,48.0,256.0,386.0,123.0,263.0,296.0,836.0,658.0,20.0,Premier_League,2021_2022
26,Asteras Tripoli,,,,,,,,,,,,,,,,,,,,
26,Asteras Tripoli,,,,,,,,,,,,,,,,,,,,
26,Asteras Tripoli,,,,,,,,,,,,,,,,,,,,
27,Aston Villa,31.0,38.0,547.0,311.0,269.0,210.0,68.0,260.0,550.0,47.0,290.0,389.0,113.0,276.0,236.0,783.0,597.0,13.0,Premier_League,2023_2024
27,Aston Villa,26.0,38.0,632.0,338.0,305.0,251.0,76.0,312.0,648.0,48.0,336.0,438.0,118.0,320.0,324.0,956.0,714.0,14.0,Premier_League,2022_2023
27,Aston Villa,31.0,38.0,634.0,382.0,300.0,259.0,75.0,300.0,649.0,46.0,349.0,453.0,140.0,313.0,339.0,973.0,693.0,13.0,Premier_League,2021_2022
28,Atalanta,27.0,38.0,636.0,364.0,291.0,272.0,73.0,312.0,634.0,49.0,322.0,455.0,93.0,362.0,421.0,1057.0,613.0,12.0,Serie_A,2022_2023
28,Atalanta,29.0,38.0,613.0,369.0,273.0,249.0,91.0,291.0,597.0,48.0,306.0,483.0,119.0,364.0,340.0,953.0,614.0,7.0,Serie_A,2023_2024
28,Atalanta,32.0,38.0,630.0,341.0,252.0,271.0,107.0,299.0,635.0,47.0,336.0,436.0,96.0,340.0,441.0,1071.0,483.0,6.0,Serie_A,2021_2022
29,Athletic Club,26.0,38.0,508.0,292.0,217.0,216.0,75.0,224.0,582.0,38.0,358.0,411.0,128.0,283.0,339.0,847.0,788.0,8.0,La_Liga,2021_2022
29,Athletic Club,26.0,38.0,608.0,369.0,267.0,254.0,87.0,322.0,642.0,50.0,320.0,415.0,95.0,320.0,310.0,918.0,598.0,14.0,La_Liga,2022_2023
29,Athletic Club,27.0,38.0,581.0,362.0,217.0,264.0,100.0,305.0,635.0,48.0,330.0,419.0,106.0,313.0,278.0,859.0,631.0,4.0,La_Liga,2023_2024
30,Atlético Madrid,26.0,38.0,636.0,346.0,290.0,279.0,67.0,293.0,619.0,47.0,326.0,372.0,98.0,274.0,365.0,1001.0,649.0,14.0,La_Liga,2021_2022
30,Atlético Madrid,27.0,38.0,667.0,408.0,332.0,245.0,90.0,334.0,685.0,48.0,351.0,396.0,103.0,293.0,304.0,971.0,704.0,9.0,La_Liga,2022_2023
30,Atlético Madrid,27.0,38.0,654.0,399.0,308.0,263.0,83.0,327.0,671.0,48.0,344.0,460.0,114.0,346.0,256.0,910.0,793.0,8.0,La_Liga,2023_2024
31,Atromitos,,,,,,,,,,,,,,,,,,,,
31,Atromitos,,,,,,,,,,,,,,,,,,,,
31,Atromitos,,,,,,,,,,,,,,,,,,,,
32,Augsburg,34.0,34.0,522.0,299.0,251.0,202.0,69.0,232.0,479.0,48.0,247.0,428.0,125.0,303.0,286.0,808.0,755.0,14.0,Bundesliga,2022_2023
32,Augsburg,26.0,34.0,561.0,335.0,254.0,236.0,71.0,250.0,584.0,42.0,334.0,397.0,116.0,281.0,363.0,924.0,769.0,12.0,Bundesliga,2021_2022
32,Augsburg,29.0,34.0,528.0,319.0,234.0,222.0,72.0,237.0,492.0,48.0,255.0,439.0,133.0,306.0,295.0,823.0,727.0,9.0,Bundesliga,2023_2024
33,Austria Wien,,,,,,,,,,,,,,,,,,,,
33,Austria Wien,,,,,,,,,,,,,,,,,,,,
33,Austria Wien,,,,,,,,,,,,,,,,,,,,
34,Auxerre,33.0,38.0,674.0,378.0,337.0,263.0,74.0,313.0,678.0,46.0,365.0,441.0,118.0,323.0,454.0,1128.0,782.0,11.0,Ligue_1,2022_2023
35,B-SAD,37.0,34.0,455.0,269.0,238.0,163.0,54.0,235.0,528.0,44.0,293.0,374.0,138.0,236.0,334.0,789.0,679.0,5.0,Primeira_Liga,2021_2022
36,Barcelona,38.0,38.0,587.0,331.0,236.0,270.0,81.0,244.0,493.0,49.0,249.0,346.0,85.0,261.0,325.0,912.0,467.0,17.0,La_Liga,2021_2022
36,Barcelona,29.0,38.0,522.0,324.0,211.0,216.0,95.0,227.0,498.0,45.0,271.0,353.0,82.0,271.0,253.0,775.0,439.0,17.0,La_Liga,2022_2023
36,Barcelona,29.0,38.0,571.0,363.0,271.0,223.0,77.0,243.0,523.0,46.0,280.0,363.0,97.0,266.0,257.0,828.0,573.0,17.0,La_Liga,2023_2024
37,Bayern Munich,28.0,34.0,623.0,387.0,263.0,258.0,102.0,287.0,538.0,53.0,251.0,381.0,77.0,304.0,287.0,910.0,477.0,19.0,Bundesliga,2022_2023
37,Bayern Munich,30.0,34.0,563.0,338.0,231.0,237.0,95.0,259.0,559.0,46.0,300.0,338.0,68.0,270.0,349.0,912.0,404.0,18.0,Bundesliga,2021_2022
37,Bayern Munich,30.0,34.0,520.0,323.0,227.0,191.0,102.0,245.0,510.0,48.0,265.0,378.0,81.0,297.0,288.0,808.0,473.0,18.0,Bundesliga,2023_2024
38,Başakşehir,,,,,,,,,,,,,,,,,,,,
38,Başakşehir,,,,,,,,,,,,,,,,,,,,
38,Başakşehir,,,,,,,,,,,,,,,,,,,,
39,Beerschot,,,,,,,,,,,,,,,,,,,,
40,Benfica,34.0,34.0,657.0,420.0,273.0,270.0,114.0,343.0,657.0,52.0,314.0,397.0,87.0,310.0,298.0,955.0,457.0,10.0,Primeira_Liga,2023_2024
40,Benfica,35.0,34.0,551.0,339.0,234.0,236.0,81.0,284.0,541.0,52.0,257.0,347.0,92.0,255.0,319.0,870.0,449.0,7.0,Primeira_Liga,2021_2022
40,Benfica,32.0,34.0,660.0,395.0,243.0,305.0,112.0,365.0,654.0,55.0,289.0,327.0,52.0,275.0,364.0,1024.0,390.0,7.0,Primeira_Liga,2022_2023
41,Beroe,,,,,,,,,,,,,,,,,,,,
41,Beroe,,,,,,,,,,,,,,,,,,,,
41,Beroe,,,,,,,,,,,,,,,,,,,,
42,Betis,31.0,38.0,662.0,392.0,322.0,261.0,79.0,324.0,695.0,46.0,371.0,386.0,112.0,274.0,361.0,1023.0,777.0,11.0,La_Liga,2021_2022
42,Betis,30.0,38.0,665.0,421.0,373.0,238.0,54.0,338.0,701.0,48.0,363.0,411.0,112.0,299.0,364.0,1029.0,857.0,7.0,La_Liga,2022_2023
42,Betis,35.0,38.0,692.0,440.0,305.0,300.0,87.0,358.0,683.0,52.0,325.0,422.0,101.0,321.0,345.0,1037.0,801.0,9.0,La_Liga,2023_2024
43,Beşiktaş,,,,,,,,,,,,,,,,,,,,
43,Beşiktaş,,,,,,,,,,,,,,,,,,,,
43,Beşiktaş,,,,,,,,,,,,,,,,,,,,
44,Blau-Weiß Linz,,,,,,,,,,,,,,,,,,,,
45,Boavista,23.0,34.0,554.0,343.0,279.0,229.0,46.0,281.0,554.0,50.0,273.0,348.0,119.0,229.0,273.0,827.0,705.0,15.0,Primeira_Liga,2023_2024
45,Boavista,28.0,34.0,567.0,337.0,310.0,210.0,47.0,286.0,609.0,47.0,323.0,336.0,100.0,236.0,379.0,946.0,646.0,6.0,Primeira_Liga,2021_2022
45,Boavista,30.0,34.0,562.0,333.0,293.0,222.0,47.0,271.0,550.0,49.0,279.0,282.0,69.0,213.0,362.0,924.0,636.0,4.0,Primeira_Liga,2022_2023
46,Bochum,26.0,34.0,626.0,386.0,301.0,247.0,78.0,310.0,635.0,48.0,325.0,402.0,118.0,284.0,337.0,963.0,776.0,13.0,Bundesliga,2022_2023
46,Bochum,28.0,34.0,566.0,353.0,298.0,199.0,69.0,277.0,574.0,48.0,297.0,420.0,119.0,301.0,429.0,995.0,616.0,13.0,Bundesliga,2021_2022
46,Bochum,25.0,34.0,603.0,366.0,272.0,253.0,78.0,294.0,574.0,51.0,280.0,460.0,142.0,318.0,308.0,911.0,768.0,9.0,Bundesliga,2023_2024
47,Bologna,27.0,38.0,648.0,373.0,310.0,255.0,83.0,297.0,618.0,48.0,321.0,414.0,131.0,283.0,302.0,950.0,652.0,7.0,Serie_A,2022_2023
47,Bologna,28.0,38.0,633.0,385.0,299.0,267.0,67.0,303.0,579.0,52.0,276.0,426.0,113.0,313.0,258.0,891.0,677.0,17.0,Serie_A,2023_2024
47,Bologna,36.0,38.0,530.0,298.0,261.0,202.0,67.0,216.0,528.0,40.0,312.0,384.0,127.0,257.0,370.0,900.0,678.0,5.0,Serie_A,2021_2022
48,Bordeaux,39.0,38.0,642.0,377.0,321.0,243.0,78.0,323.0,741.0,43.0,418.0,357.0,104.0,253.0,454.0,1096.0,688.0,19.0,Ligue_1,2021_2022
49,Botev Plovdiv,,,,,,,,,,,,,,,,,,,,
49,Botev Plovdiv,,,,,,,,,,,,,,,,,,,,
49,Botev Plovdiv,,,,,,,,,,,,,,,,,,,,
50,Botev Vratsa,,,,,,,,,,,,,,,,,,,,
50,Botev Vratsa,,,,,,,,,,,,,,,,,,,,
50,Botev Vratsa,,,,,,,,,,,,,,,,,,,,
51,Bournemouth,30.0,38.0,693.0,410.0,301.0,281.0,111.0,325.0,688.0,47.0,363.0,504.0,153.0,351.0,357.0,1050.0,817.0,16.0,Premier_League,2023_2024
51,Bournemouth,31.0,38.0,618.0,371.0,316.0,249.0,53.0,256.0,614.0,41.0,358.0,499.0,170.0,329.0,353.0,971.0,1027.0,11.0,Premier_League,2022_2023
52,Braga,25.0,34.0,518.0,313.0,225.0,237.0,56.0,251.0,536.0,46.0,285.0,328.0,83.0,245.0,310.0,828.0,593.0,16.0,Primeira_Liga,2023_2024
52,Braga,40.0,34.0,470.0,284.0,185.0,209.0,76.0,211.0,523.0,40.0,312.0,344.0,92.0,252.0,336.0,806.0,550.0,8.0,Primeira_Liga,2021_2022
52,Braga,31.0,34.0,530.0,314.0,222.0,222.0,86.0,265.0,582.0,45.0,317.0,373.0,95.0,278.0,374.0,904.0,587.0,3.0,Primeira_Liga,2022_2023
53,Brentford,28.0,38.0,677.0,399.0,349.0,250.0,78.0,317.0,697.0,45.0,380.0,474.0,142.0,332.0,378.0,1055.0,903.0,18.0,Premier_League,2023_2024
53,Brentford,25.0,38.0,588.0,338.0,271.0,228.0,89.0,253.0,599.0,42.0,346.0,456.0,168.0,288.0,341.0,929.0,822.0,14.0,Premier_League,2022_2023
53,Brentford,29.0,38.0,607.0,342.0,299.0,228.0,80.0,291.0,616.0,47.0,325.0,383.0,113.0,270.0,393.0,1000.0,863.0,7.0,Premier_League,2021_2022
54,Brest,29.0,38.0,705.0,417.0,348.0,289.0,68.0,356.0,740.0,48.0,384.0,435.0,115.0,320.0,475.0,1180.0,686.0,13.0,Ligue_1,2022_2023
54,Brest,25.0,34.0,679.0,427.0,295.0,299.0,85.0,306.0,715.0,42.0,409.0,386.0,100.0,286.0,321.0,1000.0,644.0,13.0,Ligue_1,2023_2024
54,Brest,25.0,38.0,682.0,400.0,342.0,249.0,91.0,310.0,655.0,47.0,345.0,369.0,108.0,261.0,469.0,1151.0,707.0,4.0,Ligue_1,2021_2022
55,Brighton,30.0,38.0,644.0,366.0,292.0,252.0,100.0,307.0,658.0,46.0,351.0,437.0,140.0,297.0,288.0,932.0,603.0,21.0,Premier_League,2023_2024
55,Brighton,29.0,38.0,616.0,340.0,270.0,242.0,104.0,266.0,561.0,47.0,295.0,392.0,104.0,288.0,303.0,919.0,432.0,15.0,Premier_League,2022_2023
55,Brighton,26.0,38.0,668.0,403.0,306.0,257.0,105.0,243.0,563.0,43.0,320.0,480.0,150.0,330.0,358.0,1026.0,723.0,12.0,Premier_League,2021_2022
56,Bruk-Bet Termalica Nieciecza,,,,,,,,,,,,,,,,,,,,
57,Brøndby,,,,,,,,,,,,,,,,,,,,
57,Brøndby,,,,,,,,,,,,,,,,,,,,
57,Brøndby,,,,,,,,,,,,,,,,,,,,
58,Burnley,31.0,38.0,607.0,342.0,282.0,247.0,78.0,284.0,584.0,48.0,300.0,477.0,169.0,308.0,280.0,887.0,837.0,22.0,Premier_League,2023_2024
58,Burnley,23.0,38.0,590.0,324.0,273.0,235.0,82.0,250.0,534.0,46.0,284.0,509.0,211.0,298.0,410.0,1000.0,887.0,18.0,Premier_League,2021_2022
59,CSKA 1948,,,,,,,,,,,,,,,,,,,,
59,CSKA 1948,,,,,,,,,,,,,,,,,,,,
59,CSKA 1948,,,,,,,,,,,,,,,,,,,,
60,CSKA Sofia,,,,,,,,,,,,,,,,,,,,
60,CSKA Sofia,,,,,,,,,,,,,,,,,,,,
60,CSKA Sofia,,,,,,,,,,,,,,,,,,,,
61,Cagliari,29.0,38.0,540.0,315.0,272.0,203.0,65.0,264.0,525.0,50.0,261.0,373.0,113.0,260.0,265.0,805.0,816.0,12.0,Serie_A,2023_2024
61,Cagliari,33.0,38.0,557.0,303.0,263.0,229.0,65.0,230.0,544.0,42.0,314.0,406.0,128.0,278.0,397.0,954.0,747.0,5.0,Serie_A,2021_2022
62,Cambuur,,,,,,,,,,,,,,,,,,,,
62,Cambuur,,,,,,,,,,,,,,,,,,,,
63,Casa Pia,32.0,34.0,499.0,331.0,248.0,189.0,62.0,270.0,560.0,48.0,290.0,366.0,99.0,267.0,286.0,785.0,712.0,7.0,Primeira_Liga,2023_2024
63,Casa Pia,31.0,34.0,551.0,318.0,269.0,248.0,34.0,297.0,641.0,46.0,344.0,414.0,128.0,286.0,350.0,901.0,709.0,9.0,Primeira_Liga,2022_2023
64,Celta Vigo,25.0,38.0,696.0,409.0,324.0,279.0,93.0,286.0,762.0,37.0,476.0,423.0,91.0,332.0,376.0,1072.0,634.0,11.0,La_Liga,2021_2022
64,Celta Vigo,26.0,38.0,664.0,413.0,319.0,269.0,76.0,295.0,676.0,43.0,381.0,393.0,84.0,309.0,368.0,1032.0,666.0,5.0,La_Liga,2022_2023
64,Celta Vigo,31.0,38.0,627.0,382.0,302.0,243.0,82.0,308.0,662.0,46.0,354.0,434.0,116.0,318.0,297.0,924.0,832.0,9.0,La_Liga,2023_2024
65,Cercle Brugge,,,,,,,,,,,,,,,,,,,,
65,Cercle Brugge,,,,,,,,,,,,,,,,,,,,
65,Cercle Brugge,,,,,,,,,,,,,,,,,,,,
66,Charleroi,,,,,,,,,,,,,,,,,,,,
66,Charleroi,,,,,,,,,,,,,,,,,,,,
66,Charleroi,,,,,,,,,,,,,,,,,,,,
67,Chaves,31.0,34.0,473.0,282.0,250.0,176.0,47.0,254.0,505.0,50.0,251.0,364.0,108.0,256.0,294.0,767.0,730.0,12.0,Primeira_Liga,2023_2024
67,Chaves,31.0,34.0,477.0,303.0,240.0,182.0,55.0,247.0,561.0,44.0,314.0,428.0,158.0,270.0,336.0,813.0,739.0,10.0,Primeira_Liga,2022_2023
68,Chelsea,32.0,38.0,663.0,376.0,325.0,235.0,103.0,323.0,630.0,51.0,307.0,448.0,166.0,282.0,298.0,961.0,785.0,24.0,Premier_League,2023_2024
68,Chelsea,32.0,38.0,740.0,445.0,363.0,267.0,110.0,333.0,656.0,50.0,323.0,466.0,108.0,358.0,341.0,1081.0,661.0,21.0,Premier_League,2022_2023
68,Chelsea,26.0,38.0,621.0,348.0,267.0,269.0,85.0,257.0,567.0,45.0,310.0,408.0,96.0,312.0,347.0,968.0,641.0,15.0,Premier_League,2021_2022
69,Cherno More,,,,,,,,,,,,,,,,,,,,
69,Cherno More,,,,,,,,,,,,,,,,,,,,
69,Cherno More,,,,,,,,,,,,,,,,,,,,
70,Clermont Foot,28.0,38.0,685.0,398.0,350.0,250.0,85.0,351.0,779.0,45.0,428.0,424.0,126.0,298.0,440.0,1125.0,571.0,17.0,Ligue_1,2022_2023
70,Clermont Foot,31.0,34.0,581.0,358.0,279.0,242.0,60.0,312.0,633.0,49.0,321.0,382.0,130.0,252.0,347.0,928.0,667.0,19.0,Ligue_1,2023_2024
70,Clermont Foot,28.0,38.0,622.0,361.0,285.0,262.0,75.0,291.0,665.0,43.0,374.0,372.0,99.0,273.0,386.0,1008.0,527.0,9.0,Ligue_1,2021_2022
71,Club Brugge,,,,,,,,,,,,,,,,,,,,
71,Club Brugge,,,,,,,,,,,,,,,,,,,,
71,Club Brugge,,,,,,,,,,,,,,,,,,,,
72,Cracovia,,,,,,,,,,,,,,,,,,,,
72,Cracovia,,,,,,,,,,,,,,,,,,,,
72,Cracovia,,,,,,,,,,,,,,,,,,,,
73,Cremonese,33.0,38.0,704.0,400.0,403.0,228.0,73.0,364.0,729.0,49.0,365.0,432.0,136.0,296.0,393.0,1097.0,771.0,13.0,Serie_A,2022_2023
74,Crystal Palace,26.0,38.0,788.0,464.0,373.0,301.0,114.0,337.0,609.0,55.0,272.0,456.0,122.0,334.0,323.0,1111.0,927.0,6.0,Premier_League,2023_2024
74,Crystal Palace,26.0,38.0,690.0,421.0,354.0,246.0,90.0,281.0,532.0,52.0,251.0,463.0,119.0,344.0,359.0,1049.0,807.0,7.0,Premier_League,2022_2023
74,Crystal Palace,24.0,38.0,637.0,374.0,323.0,236.0,78.0,273.0,575.0,47.0,302.0,452.0,135.0,317.0,333.0,970.0,761.0,5.0,Premier_League,2021_2022
75,Cádiz,33.0,38.0,647.0,380.0,346.0,238.0,63.0,301.0,711.0,42.0,410.0,390.0,106.0,284.0,413.0,1060.0,768.0,5.0,La_Liga,2021_2022
75,Cádiz,38.0,38.0,623.0,410.0,358.0,205.0,60.0,320.0,671.0,47.0,351.0,425.0,128.0,297.0,270.0,893.0,853.0,13.0,La_Liga,2022_2023
75,Cádiz,34.0,38.0,671.0,398.0,338.0,264.0,69.0,341.0,728.0,46.0,387.0,443.0,123.0,320.0,298.0,969.0,786.0,13.0,La_Liga,2023_2024
76,Darmstadt 98,32.0,34.0,560.0,323.0,303.0,197.0,60.0,285.0,583.0,48.0,298.0,400.0,137.0,263.0,317.0,877.0,707.0,19.0,Bundesliga,2023_2024
77,Dortmund,30.0,34.0,580.0,334.0,246.0,241.0,93.0,287.0,551.0,52.0,264.0,382.0,95.0,287.0,298.0,878.0,491.0,9.0,Bundesliga,2022_2023
77,Dortmund,33.0,34.0,541.0,322.0,232.0,236.0,73.0,255.0,550.0,46.0,295.0,351.0,82.0,269.0,347.0,888.0,519.0,11.0,Bundesliga,2021_2022
77,Dortmund,32.0,34.0,548.0,356.0,297.0,201.0,50.0,292.0,557.0,52.0,265.0,431.0,121.0,310.0,251.0,799.0,628.0,12.0,Bundesliga,2023_2024
78,Eint Frankfurt,28.0,34.0,562.0,357.0,244.0,248.0,70.0,265.0,585.0,45.0,320.0,415.0,88.0,327.0,284.0,846.0,687.0,5.0,Bundesliga,2022_2023
78,Eint Frankfurt,27.0,34.0,595.0,330.0,260.0,252.0,83.0,283.0,673.0,42.0,390.0,435.0,95.0,340.0,377.0,972.0,592.0,12.0,Bundesliga,2021_2022
78,Eint Frankfurt,34.0,34.0,602.0,359.0,282.0,240.0,80.0,293.0,548.0,53.0,255.0,424.0,99.0,325.0,302.0,904.0,704.0,12.0,Bundesliga,2023_2024
79,Elche,28.0,38.0,589.0,325.0,335.0,191.0,63.0,268.0,622.0,43.0,354.0,367.0,126.0,241.0,305.0,894.0,769.0,14.0,La_Liga,2021_2022
79,Elche,32.0,38.0,633.0,363.0,367.0,212.0,54.0,280.0,603.0,46.0,323.0,413.0,131.0,282.0,323.0,956.0,766.0,13.0,La_Liga,2022_2023
80,Emmen,,,,,,,,,,,,,,,,,,,,
81,Empoli,32.0,38.0,606.0,364.0,316.0,218.0,72.0,254.0,538.0,47.0,284.0,449.0,183.0,266.0,280.0,886.0,910.0,4.0,Serie_A,2022_2023
81,Empoli,34.0,38.0,618.0,378.0,311.0,227.0,80.0,300.0,564.0,53.0,264.0,462.0,154.0,308.0,263.0,881.0,840.0,9.0,Serie_A,2023_2024
81,Empoli,28.0,38.0,568.0,327.0,268.0,208.0,92.0,273.0,606.0,45.0,333.0,451.0,177.0,274.0,352.0,920.0,772.0,10.0,Serie_A,2021_2022
82,Espanyol,34.0,38.0,557.0,338.0,308.0,196.0,53.0,275.0,646.0,42.0,371.0,360.0,114.0,246.0,326.0,883.0,892.0,20.0,La_Liga,2021_2022
82,Espanyol,33.0,38.0,652.0,379.0,330.0,239.0,83.0,301.0,600.0,50.0,299.0,416.0,134.0,282.0,338.0,990.0,788.0,9.0,La_Liga,2022_2023
83,Estoril,31.0,34.0,538.0,335.0,249.0,228.0,61.0,261.0,539.0,48.0,278.0,359.0,113.0,246.0,269.0,807.0,687.0,18.0,Primeira_Liga,2023_2024
83,Estoril,31.0,34.0,447.0,252.0,213.0,172.0,62.0,221.0,474.0,46.0,253.0,348.0,152.0,196.0,298.0,745.0,636.0,14.0,Primeira_Liga,2021_2022
83,Estoril,33.0,34.0,513.0,316.0,251.0,209.0,53.0,270.0,512.0,52.0,242.0,333.0,120.0,213.0,250.0,763.0,647.0,12.0,Primeira_Liga,2022_2023
84,Estrela,34.0,34.0,574.0,381.0,265.0,242.0,67.0,314.0,582.0,54.0,268.0,390.0,115.0,275.0,281.0,855.0,709.0,9.0,Primeira_Liga,2023_2024
85,Etar,,,,,,,,,,,,,,,,,,,,
86,Eupen,,,,,,,,,,,,,,,,,,,,
86,Eupen,,,,,,,,,,,,,,,,,,,,
86,Eupen,,,,,,,,,,,,,,,,,,,,
87,Everton,26.0,38.0,743.0,442.0,371.0,261.0,111.0,347.0,701.0,49.0,354.0,479.0,177.0,302.0,358.0,1101.0,882.0,12.0,Premier_League,2023_2024
87,Everton,28.0,38.0,708.0,424.0,362.0,257.0,89.0,309.0,619.0,49.0,310.0,510.0,180.0,330.0,390.0,1098.0,874.0,17.0,Premier_League,2022_2023
87,Everton,33.0,38.0,705.0,402.0,369.0,252.0,84.0,336.0,735.0,45.0,399.0,496.0,140.0,356.0,365.0,1070.0,815.0,15.0,Premier_League,2021_2022
88,Excelsior,,,,,,,,,,,,,,,,,,,,
88,Excelsior,,,,,,,,,,,,,,,,,,,,
89,FC Copenhagen,,,,,,,,,,,,,,,,,,,,
89,FC Copenhagen,,,,,,,,,,,,,,,,,,,,
89,FC Copenhagen,,,,,,,,,,,,,,,,,,,,
90,FC Spartak Varna,,,,,,,,,,,,,,,,,,,,
91,FK IMT Novi Beograd,,,,,,,,,,,,,,,,,,,,
92,FK Kolubara,,,,,,,,,,,,,,,,,,,,
92,FK Kolubara,,,,,,,,,,,,,,,,,,,,
93,FK Levski 2005,,,,,,,,,,,,,,,,,,,,
94,FK Mladost Novi Sad,,,,,,,,,,,,,,,,,,,,
95,FK Železničar Pančevo,,,,,,,,,,,,,,,,,,,,
96,Famalicão,27.0,34.0,548.0,360.0,286.0,197.0,65.0,270.0,534.0,50.0,264.0,372.0,107.0,265.0,299.0,847.0,687.0,7.0,Primeira_Liga,2023_2024
96,Famalicão,37.0,34.0,550.0,334.0,265.0,215.0,70.0,296.0,611.0,48.0,315.0,344.0,107.0,237.0,404.0,954.0,704.0,10.0,Primeira_Liga,2021_2022
96,Famalicão,33.0,34.0,587.0,360.0,300.0,227.0,60.0,280.0,596.0,47.0,316.0,396.0,127.0,269.0,330.0,917.0,717.0,5.0,Primeira_Liga,2022_2023
97,Farense,25.0,34.0,515.0,318.0,274.0,199.0,42.0,244.0,519.0,47.0,275.0,472.0,175.0,297.0,332.0,847.0,1004.0,5.0,Primeira_Liga,2023_2024
98,Fatih Karagümrük,,,,,,,,,,,,,,,,,,,,
98,Fatih Karagümrük,,,,,,,,,,,,,,,,,,,,
98,Fatih Karagümrük,,,,,,,,,,,,,,,,,,,,
99,Fenerbahçe,,,,,,,,,,,,,,,,,,,,
99,Fenerbahçe,,,,,,,,,,,,,,,,,,,,
99,Fenerbahçe,,,,,,,,,,,,,,,,,,,,
100,Feyenoord,,,,,,,,,,,,,,,,,,,,
100,Feyenoord,,,,,,,,,,,,,,,,,,,,
100,Feyenoord,,,,,,,,,,,,,,,,,,,,
101,Fiorentina,30.0,38.0,581.0,337.0,232.0,260.0,89.0,282.0,531.0,53.0,249.0,356.0,84.0,272.0,260.0,841.0,473.0,11.0,Serie_A,2022_2023
101,Fiorentina,30.0,38.0,564.0,320.0,242.0,231.0,91.0,275.0,512.0,53.0,237.0,388.0,81.0,307.0,236.0,800.0,509.0,8.0,Serie_A,2023_2024
101,Fiorentina,28.0,38.0,508.0,301.0,232.0,203.0,73.0,268.0,540.0,49.0,272.0,357.0,91.0,266.0,244.0,752.0,407.0,15.0,Serie_A,2021_2022
102,Fortuna Sittard,,,,,,,,,,,,,,,,,,,,
102,Fortuna Sittard,,,,,,,,,,,,,,,,,,,,
102,Fortuna Sittard,,,,,,,,,,,,,,,,,,,,
103,Freiburg,27.0,34.0,498.0,289.0,223.0,211.0,64.0,207.0,451.0,45.0,244.0,375.0,106.0,269.0,325.0,823.0,612.0,10.0,Bundesliga,2022_2023
103,Freiburg,26.0,34.0,518.0,299.0,246.0,207.0,65.0,215.0,477.0,45.0,262.0,352.0,130.0,222.0,355.0,873.0,751.0,13.0,Bundesliga,2021_2022
103,Freiburg,25.0,34.0,546.0,319.0,303.0,175.0,68.0,227.0,463.0,49.0,236.0,436.0,149.0,287.0,272.0,818.0,725.0,7.0,Bundesliga,2023_2024
104,Frosinone,34.0,38.0,545.0,322.0,244.0,225.0,76.0,253.0,525.0,48.0,272.0,439.0,143.0,296.0,241.0,786.0,789.0,14.0,Serie_A,2023_2024
105,Fulham,25.0,38.0,679.0,384.0,339.0,260.0,80.0,346.0,678.0,51.0,332.0,437.0,117.0,320.0,371.0,1050.0,744.0,14.0,Premier_League,2023_2024
105,Fulham,29.0,38.0,625.0,350.0,295.0,229.0,101.0,299.0,588.0,50.0,289.0,455.0,125.0,330.0,340.0,965.0,749.0,15.0,Premier_League,2022_2023
106,Galatasaray,,,,,,,,,,,,,,,,,,,,
106,Galatasaray,,,,,,,,,,,,,,,,,,,,
106,Galatasaray,,,,,,,,,,,,,,,,,,,,
107,Gaziantep FK,,,,,,,,,,,,,,,,,,,,
107,Gaziantep FK,,,,,,,,,,,,,,,,,,,,
107,Gaziantep FK,,,,,,,,,,,,,,,,,,,,
108,Genk,,,,,,,,,,,,,,,,,,,,
108,Genk,,,,,,,,,,,,,,,,,,,,
108,Genk,,,,,,,,,,,,,,,,,,,,
109,Genoa,34.0,38.0,625.0,352.0,315.0,247.0,63.0,283.0,571.0,49.0,288.0,462.0,162.0,300.0,332.0,957.0,796.0,11.0,Serie_A,2023_2024
109,Genoa,40.0,38.0,739.0,416.0,324.0,302.0,113.0,349.0,727.0,48.0,378.0,487.0,134.0,353.0,449.0,1188.0,751.0,15.0,Serie_A,2021_2022
110,Gent,,,,,,,,,,,,,,,,,,,,
110,Gent,,,,,,,,,,,,,,,,,,,,
110,Gent,,,,,,,,,,,,,,,,,,,,
111,Getafe,31.0,38.0,587.0,360.0,266.0,243.0,78.0,248.0,594.0,41.0,346.0,400.0,96.0,304.0,401.0,988.0,719.0,8.0,La_Liga,2021_2022
111,Getafe,25.0,38.0,541.0,339.0,282.0,199.0,60.0,285.0,619.0,46.0,334.0,404.0,113.0,291.0,320.0,861.0,794.0,10.0,La_Liga,2022_2023
111,Getafe,33.0,38.0,608.0,364.0,269.0,251.0,88.0,291.0,577.0,50.0,286.0,342.0,103.0,239.0,307.0,915.0,730.0,6.0,La_Liga,2023_2024
112,Gil Vicente FC,31.0,34.0,540.0,341.0,261.0,206.0,73.0,289.0,539.0,53.0,250.0,373.0,102.0,271.0,303.0,843.0,677.0,15.0,Primeira_Liga,2023_2024
112,Gil Vicente FC,29.0,34.0,430.0,248.0,170.0,203.0,57.0,170.0,447.0,38.0,277.0,323.0,111.0,212.0,282.0,712.0,633.0,10.0,Primeira_Liga,2021_2022
112,Gil Vicente FC,32.0,34.0,539.0,316.0,253.0,209.0,77.0,285.0,572.0,49.0,287.0,369.0,114.0,255.0,306.0,845.0,593.0,6.0,Primeira_Liga,2022_2023
113,Giresunspor,,,,,,,,,,,,,,,,,,,,
113,Giresunspor,,,,,,,,,,,,,,,,,,,,
114,Girona,29.0,38.0,551.0,321.0,271.0,213.0,67.0,244.0,532.0,45.0,288.0,379.0,111.0,268.0,266.0,817.0,662.0,20.0,La_Liga,2022_2023
114,Girona,25.0,38.0,544.0,340.0,264.0,222.0,58.0,274.0,521.0,52.0,247.0,378.0,124.0,254.0,257.0,801.0,661.0,21.0,La_Liga,2023_2024
115,Gladbach,27.0,34.0,497.0,275.0,274.0,171.0,52.0,267.0,536.0,49.0,269.0,405.0,104.0,301.0,267.0,764.0,728.0,7.0,Bundesliga,2022_2023
115,Gladbach,26.0,34.0,572.0,345.0,260.0,252.0,60.0,285.0,615.0,46.0,330.0,402.0,91.0,311.0,326.0,898.0,553.0,13.0,Bundesliga,2021_2022
115,Gladbach,27.0,34.0,582.0,337.0,291.0,247.0,44.0,287.0,534.0,53.0,247.0,465.0,168.0,297.0,333.0,915.0,860.0,15.0,Bundesliga,2023_2024
116,Go Ahead Eag,,,,,,,,,,,,,,,,,,,,
116,Go Ahead Eag,,,,,,,,,,,,,,,,,,,,
116,Go Ahead Eag,,,,,,,,,,,,,,,,,,,,
117,Granada,32.0,38.0,611.0,343.0,310.0,240.0,61.0,274.0,632.0,43.0,358.0,437.0,130.0,307.0,326.0,937.0,841.0,8.0,La_Liga,2021_2022
117,Granada,40.0,38.0,637.0,374.0,336.0,237.0,64.0,289.0,623.0,46.0,334.0,404.0,110.0,294.0,280.0,917.0,779.0,26.0,La_Liga,2023_2024
118,Greuther Fürth,29.0,34.0,568.0,336.0,258.0,252.0,58.0,270.0,567.0,47.0,297.0,416.0,124.0,292.0,374.0,942.0,712.0,8.0,Bundesliga,2021_2022
119,Groningen,,,,,,,,,,,,,,,,,,,,
119,Groningen,,,,,,,,,,,,,,,,,,,,
120,Górnik Zabrze,,,,,,,,,,,,,,,,,,,,
120,Górnik Zabrze,,,,,,,,,,,,,,,,,,,,
120,Górnik Zabrze,,,,,,,,,,,,,,,,,,,,
121,Górnik Łęczna,,,,,,,,,,,,,,,,,,,,
122,Göztepe,,,,,,,,,,,,,,,,,,,,
123,Hartberg,,,,,,,,,,,,,,,,,,,,
123,Hartberg,,,,,,,,,,,,,,,,,,,,
123,Hartberg,,,,,,,,,,,,,,,,,,,,
124,Hatayspor,,,,,,,,,,,,,,,,,,,,
124,Hatayspor,,,,,,,,,,,,,,,,,,,,
124,Hatayspor,,,,,,,,,,,,,,,,,,,,
125,Heerenveen,,,,,,,,,,,,,,,,,,,,
125,Heerenveen,,,,,,,,,,,,,,,,,,,,
125,Heerenveen,,,,,,,,,,,,,,,,,,,,
126,Heidenheim,22.0,34.0,601.0,352.0,311.0,225.0,65.0,275.0,591.0,46.0,316.0,463.0,129.0,334.0,302.0,903.0,783.0,5.0,Bundesliga,2023_2024
127,Hellas Verona,36.0,38.0,605.0,357.0,319.0,228.0,58.0,296.0,562.0,52.0,266.0,445.0,143.0,302.0,337.0,942.0,745.0,12.0,Serie_A,2022_2023
127,Hellas Verona,36.0,38.0,621.0,387.0,302.0,245.0,74.0,293.0,578.0,50.0,285.0,414.0,133.0,281.0,302.0,923.0,784.0,15.0,Serie_A,2023_2024
127,Hellas Verona,31.0,38.0,534.0,308.0,248.0,214.0,72.0,238.0,557.0,42.0,319.0,414.0,107.0,307.0,392.0,926.0,779.0,9.0,Serie_A,2021_2022
128,Heracles Almelo,,,,,,,,,,,,,,,,,,,,
128,Heracles Almelo,,,,,,,,,,,,,,,,,,,,
129,Hertha BSC,32.0,34.0,576.0,344.0,307.0,215.0,54.0,251.0,521.0,48.0,270.0,416.0,132.0,284.0,366.0,942.0,797.0,8.0,Bundesliga,2022_2023
129,Hertha BSC,36.0,34.0,546.0,321.0,294.0,197.0,55.0,252.0,544.0,46.0,292.0,377.0,105.0,272.0,406.0,952.0,816.0,15.0,Bundesliga,2021_2022
130,Hoffenheim,31.0,34.0,543.0,323.0,254.0,231.0,58.0,236.0,474.0,49.0,238.0,428.0,119.0,309.0,285.0,828.0,665.0,8.0,Bundesliga,2022_2023
130,Hoffenheim,32.0,34.0,483.0,291.0,191.0,216.0,76.0,223.0,484.0,46.0,261.0,390.0,88.0,302.0,285.0,768.0,520.0,17.0,Bundesliga,2021_2022
130,Hoffenheim,30.0,34.0,517.0,304.0,286.0,185.0,46.0,259.0,541.0,47.0,282.0,413.0,143.0,270.0,357.0,874.0,790.0,12.0,Bundesliga,2023_2024
131,Horsens,,,,,,,,,,,,,,,,,,,,
132,Hvidovre IF,,,,,,,,,,,,,,,,,,,,
133,Inter,25.0,38.0,572.0,325.0,247.0,241.0,84.0,258.0,523.0,49.0,265.0,385.0,110.0,275.0,315.0,887.0,541.0,7.0,Serie_A,2022_2023
133,Inter,27.0,38.0,540.0,321.0,252.0,219.0,69.0,234.0,474.0,49.0,240.0,365.0,116.0,249.0,280.0,820.0,576.0,7.0,Serie_A,2023_2024
133,Inter,27.0,38.0,588.0,332.0,265.0,240.0,83.0,247.0,545.0,45.0,298.0,360.0,110.0,250.0,332.0,920.0,485.0,11.0,Serie_A,2021_2022
134,Ionikos,,,,,,,,,,,,,,,,,,,,
134,Ionikos,,,,,,,,,,,,,,,,,,,,
135,Jagiellonia,,,,,,,,,,,,,,,,,,,,
135,Jagiellonia,,,,,,,,,,,,,,,,,,,,
135,Jagiellonia,,,,,,,,,,,,,,,,,,,,
136,Javor Ivanjica,,,,,,,,,,,,,,,,,,,,
136,Javor Ivanjica,,,,,,,,,,,,,,,,,,,,
137,Juventus,29.0,38.0,594.0,352.0,296.0,219.0,79.0,288.0,558.0,51.0,270.0,421.0,131.0,290.0,307.0,901.0,704.0,10.0,Serie_A,2022_2023
137,Juventus,31.0,38.0,577.0,369.0,270.0,233.0,74.0,264.0,445.0,59.0,181.0,375.0,124.0,251.0,253.0,830.0,725.0,4.0,Serie_A,2023_2024
137,Juventus,32.0,38.0,555.0,316.0,260.0,217.0,78.0,236.0,529.0,44.0,293.0,392.0,134.0,258.0,332.0,887.0,677.0,9.0,Serie_A,2021_2022
138,Kasımpaşa,,,,,,,,,,,,,,,,,,,,
138,Kasımpaşa,,,,,,,,,,,,,,,,,,,,
138,Kasımpaşa,,,,,,,,,,,,,,,,,,,,
139,Kayserispor,,,,,,,,,,,,,,,,,,,,
139,Kayserispor,,,,,,,,,,,,,,,,,,,,
139,Kayserispor,,,,,,,,,,,,,,,,,,,,
140,Konyaspor,,,,,,,,,,,,,,,,,,,,
140,Konyaspor,,,,,,,,,,,,,,,,,,,,
140,Konyaspor,,,,,,,,,,,,,,,,,,,,
141,Korona Kielce,,,,,,,,,,,,,,,,,,,,
141,Korona Kielce,,,,,,,,,,,,,,,,,,,,
142,Kortrijk,,,,,,,,,,,,,,,,,,,,
142,Kortrijk,,,,,,,,,,,,,,,,,,,,
142,Kortrijk,,,,,,,,,,,,,,,,,,,,
143,Köln,27.0,34.0,615.0,370.0,287.0,263.0,65.0,310.0,666.0,46.0,356.0,423.0,99.0,324.0,372.0,987.0,716.0,5.0,Bundesliga,2022_2023
143,Köln,26.0,34.0,598.0,361.0,264.0,246.0,88.0,288.0,665.0,43.0,377.0,442.0,99.0,343.0,426.0,1024.0,628.0,10.0,Bundesliga,2021_2022
143,Köln,26.0,34.0,617.0,375.0,330.0,234.0,53.0,342.0,659.0,51.0,317.0,506.0,154.0,352.0,305.0,922.0,766.0,9.0,Bundesliga,2023_2024
144,LASK,,,,,,,,,,,,,,,,,,,,
144,LASK,,,,,,,,,,,,,,,,,,,,
144,LASK,,,,,,,,,,,,,,,,,,,,
145,Las Palmas,29.0,38.0,662.0,397.0,328.0,263.0,71.0,305.0,633.0,48.0,328.0,416.0,98.0,318.0,281.0,943.0,761.0,14.0,La_Liga,2023_2024
146,Lazio,24.0,38.0,582.0,349.0,261.0,234.0,87.0,277.0,625.0,44.0,348.0,437.0,126.0,311.0,310.0,892.0,606.0,8.0,Serie_A,2022_2023
146,Lazio,22.0,38.0,581.0,348.0,259.0,254.0,68.0,283.0,618.0,45.0,335.0,430.0,122.0,308.0,295.0,876.0,640.0,7.0,Serie_A,2023_2024
146,Lazio,27.0,38.0,578.0,339.0,246.0,255.0,77.0,238.0,621.0,38.0,383.0,416.0,144.0,272.0,315.0,893.0,565.0,10.0,Serie_A,2021_2022
147,Le Havre,27.0,34.0,560.0,332.0,293.0,207.0,60.0,283.0,572.0,49.0,289.0,362.0,124.0,238.0,363.0,923.0,664.0,10.0,Ligue_1,2023_2024
148,Lecce,29.0,38.0,705.0,427.0,347.0,259.0,99.0,319.0,619.0,51.0,300.0,486.0,112.0,374.0,368.0,1073.0,826.0,4.0,Serie_A,2022_2023
148,Lecce,26.0,38.0,605.0,374.0,285.0,252.0,68.0,289.0,566.0,51.0,277.0,429.0,117.0,312.0,308.0,913.0,751.0,8.0,Serie_A,2023_2024
149,Lech Poznań,,,,,,,,,,,,,,,,,,,,
149,Lech Poznań,,,,,,,,,,,,,,,,,,,,
149,Lech Poznań,,,,,,,,,,,,,,,,,,,,
150,Lechia Gdańsk,,,,,,,,,,,,,,,,,,,,
150,Lechia Gdańsk,,,,,,,,,,,,,,,,,,,,
151,Leeds United,29.0,38.0,840.0,480.0,376.0,343.0,121.0,412.0,863.0,47.0,451.0,536.0,131.0,405.0,392.0,1232.0,734.0,18.0,Premier_League,2022_2023
151,Leeds United,29.0,38.0,787.0,437.0,396.0,298.0,93.0,408.0,886.0,46.0,478.0,473.0,143.0,330.0,395.0,1182.0,621.0,15.0,Premier_League,2021_2022
152,Legia Warsaw,,,,,,,,,,,,,,,,,,,,
152,Legia Warsaw,,,,,,,,,,,,,,,,,,,,
152,Legia Warsaw,,,,,,,,,,,,,,,,,,,,
153,Leicester City,28.0,38.0,699.0,412.0,345.0,291.0,63.0,308.0,677.0,45.0,369.0,517.0,170.0,347.0,367.0,1066.0,777.0,12.0,Premier_League,2022_2023
153,Leicester City,28.0,38.0,690.0,384.0,336.0,270.0,84.0,306.0,720.0,42.0,414.0,469.0,146.0,323.0,367.0,1057.0,777.0,15.0,Premier_League,2021_2022
154,Lens,29.0,38.0,540.0,323.0,225.0,238.0,77.0,262.0,570.0,46.0,308.0,401.0,112.0,289.0,339.0,879.0,559.0,7.0,Ligue_1,2022_2023
154,Lens,27.0,34.0,554.0,339.0,213.0,266.0,75.0,291.0,569.0,51.0,278.0,392.0,112.0,280.0,298.0,852.0,549.0,16.0,Ligue_1,2023_2024
154,Lens,28.0,38.0,591.0,359.0,273.0,243.0,75.0,266.0,602.0,44.0,336.0,360.0,99.0,261.0,455.0,1046.0,616.0,7.0,Ligue_1,2021_2022
155,Levadiakos,,,,,,,,,,,,,,,,,,,,
156,Levante,31.0,38.0,558.0,305.0,268.0,212.0,78.0,237.0,611.0,38.0,374.0,326.0,110.0,216.0,377.0,935.0,735.0,12.0,La_Liga,2021_2022
157,Leverkusen,27.0,34.0,494.0,280.0,242.0,206.0,46.0,236.0,421.0,56.0,185.0,358.0,99.0,259.0,294.0,788.0,599.0,12.0,Bundesliga,2022_2023
157,Leverkusen,29.0,34.0,484.0,281.0,235.0,199.0,50.0,225.0,493.0,45.0,268.0,350.0,101.0,249.0,360.0,844.0,620.0,12.0,Bundesliga,2021_2022
157,Leverkusen,24.0,34.0,458.0,277.0,183.0,187.0,88.0,197.0,403.0,48.0,206.0,330.0,72.0,258.0,224.0,682.0,460.0,9.0,Bundesliga,2023_2024
158,Levski Sofia,,,,,,,,,,,,,,,,,,,,
158,Levski Sofia,,,,,,,,,,,,,,,,,,,,
158,Levski Sofia,,,,,,,,,,,,,,,,,,,,
159,Lille,26.0,38.0,635.0,370.0,266.0,265.0,104.0,314.0,658.0,47.0,344.0,390.0,74.0,316.0,301.0,936.0,543.0,13.0,Ligue_1,2022_2023
159,Lille,28.0,34.0,594.0,370.0,267.0,242.0,85.0,278.0,580.0,47.0,302.0,319.0,80.0,239.0,292.0,886.0,574.0,10.0,Ligue_1,2023_2024
159,Lille,26.0,38.0,653.0,359.0,310.0,274.0,69.0,305.0,619.0,49.0,314.0,351.0,111.0,240.0,377.0,1030.0,672.0,6.0,Ligue_1,2021_2022
160,Liverpool,30.0,38.0,677.0,418.0,274.0,290.0,113.0,341.0,768.0,44.0,427.0,475.0,108.0,367.0,292.0,969.0,583.0,19.0,Premier_League,2023_2024
160,Liverpool,28.0,38.0,590.0,370.0,228.0,250.0,112.0,281.0,651.0,43.0,370.0,350.0,74.0,276.0,333.0,923.0,568.0,20.0,Premier_League,2022_2023
160,Liverpool,27.0,38.0,554.0,320.0,207.0,240.0,107.0,233.0,576.0,40.0,343.0,359.0,74.0,285.0,340.0,894.0,523.0,8.0,Premier_League,2021_2022
161,Loko Plovdiv,,,,,,,,,,,,,,,,,,,,
161,Loko Plovdiv,,,,,,,,,,,,,,,,,,,,
161,Loko Plovdiv,,,,,,,,,,,,,,,,,,,,
162,Lokomotiv Sofia,,,,,,,,,,,,,,,,,,,,
162,Lokomotiv Sofia,,,,,,,,,,,,,,,,,,,,
162,Lokomotiv Sofia,,,,,,,,,,,,,,,,,,,,
163,Lorient,30.0,38.0,736.0,420.0,409.0,244.0,83.0,315.0,690.0,45.0,375.0,484.0,141.0,343.0,369.0,1105.0,849.0,17.0,Ligue_1,2022_2023
163,Lorient,38.0,34.0,538.0,326.0,284.0,195.0,59.0,252.0,531.0,47.0,279.0,391.0,129.0,262.0,337.0,875.0,805.0,14.0,Ligue_1,2023_2024
163,Lorient,29.0,38.0,696.0,412.0,337.0,292.0,67.0,383.0,811.0,47.0,428.0,405.0,115.0,290.0,412.0,1108.0,776.0,9.0,Ligue_1,2021_2022
164,Ludogorets,,,,,,,,,,,,,,,,,,,,
164,Ludogorets,,,,,,,,,,,,,,,,,,,,
164,Ludogorets,,,,,,,,,,,,,,,,,,,,
165,Luton Town,28.0,38.0,654.0,368.0,330.0,236.0,88.0,299.0,616.0,48.0,317.0,493.0,183.0,310.0,325.0,979.0,916.0,21.0,Premier_League,2023_2024
166,Lyngby,,,,,,,,,,,,,,,,,,,,
166,Lyngby,,,,,,,,,,,,,,,,,,,,
167,Lyon,29.0,38.0,723.0,423.0,306.0,282.0,135.0,367.0,771.0,47.0,404.0,433.0,107.0,326.0,481.0,1204.0,542.0,12.0,Ligue_1,2022_2023
167,Lyon,35.0,34.0,538.0,331.0,241.0,203.0,94.0,250.0,578.0,43.0,328.0,343.0,118.0,225.0,304.0,842.0,563.0,12.0,Ligue_1,2023_2024
167,Lyon,30.0,38.0,632.0,367.0,264.0,270.0,98.0,279.0,614.0,45.0,335.0,385.0,91.0,294.0,396.0,1028.0,621.0,17.0,Ligue_1,2021_2022
168,Mainz 05,27.0,34.0,547.0,341.0,268.0,206.0,73.0,270.0,559.0,48.0,289.0,419.0,98.0,321.0,433.0,980.0,673.0,9.0,Bundesliga,2022_2023
168,Mainz 05,28.0,34.0,579.0,305.0,291.0,220.0,68.0,282.0,595.0,47.0,313.0,404.0,94.0,310.0,439.0,1018.0,584.0,9.0,Bundesliga,2021_2022
168,Mainz 05,30.0,34.0,572.0,328.0,256.0,253.0,63.0,276.0,526.0,52.0,250.0,442.0,117.0,325.0,346.0,918.0,704.0,3.0,Bundesliga,2023_2024
169,Mallorca,33.0,38.0,607.0,332.0,301.0,235.0,71.0,248.0,551.0,45.0,303.0,374.0,119.0,255.0,344.0,951.0,826.0,9.0,La_Liga,2021_2022
169,Mallorca,31.0,38.0,583.0,344.0,318.0,213.0,52.0,283.0,581.0,48.0,298.0,402.0,146.0,256.0,318.0,901.0,859.0,7.0,La_Liga,2022_2023
169,Mallorca,25.0,38.0,686.0,388.0,347.0,281.0,58.0,340.0,657.0,51.0,317.0,369.0,131.0,238.0,365.0,1051.0,785.0,10.0,La_Liga,2023_2024
170,Manchester City,25.0,38.0,517.0,305.0,183.0,221.0,113.0,222.0,458.0,48.0,236.0,353.0,75.0,278.0,233.0,750.0,457.0,17.0,Premier_League,2023_2024
170,Manchester City,24.0,38.0,471.0,272.0,185.0,198.0,88.0,212.0,462.0,45.0,250.0,339.0,95.0,244.0,223.0,694.0,402.0,9.0,Premier_League,2022_2023
170,Manchester City,26.0,38.0,498.0,284.0,183.0,214.0,101.0,227.0,509.0,44.0,282.0,267.0,55.0,212.0,279.0,777.0,403.0,7.0,Premier_League,2021_2022
171,Manchester Utd,31.0,38.0,676.0,409.0,334.0,240.0,102.0,349.0,715.0,48.0,366.0,534.0,207.0,327.0,313.0,989.0,884.0,12.0,Premier_League,2023_2024
171,Manchester Utd,26.0,38.0,657.0,400.0,343.0,231.0,83.0,300.0,600.0,50.0,300.0,496.0,146.0,350.0,352.0,1009.0,771.0,11.0,Premier_League,2022_2023
171,Manchester Utd,29.0,38.0,585.0,358.0,320.0,197.0,68.0,265.0,608.0,43.0,343.0,404.0,133.0,271.0,340.0,925.0,704.0,20.0,Premier_League,2021_2022
172,Marseille,30.0,38.0,685.0,404.0,271.0,304.0,110.0,301.0,593.0,50.0,292.0,366.0,101.0,265.0,420.0,1105.0,570.0,11.0,Ligue_1,2022_2023
172,Marseille,33.0,34.0,604.0,371.0,270.0,264.0,70.0,292.0,587.0,49.0,295.0,365.0,99.0,266.0,332.0,936.0,633.0,8.0,Ligue_1,2023_2024
172,Marseille,27.0,38.0,556.0,319.0,252.0,238.0,66.0,232.0,501.0,46.0,269.0,263.0,65.0,198.0,327.0,883.0,437.0,10.0,Ligue_1,2021_2022
173,Marítimo,30.0,34.0,585.0,362.0,287.0,245.0,53.0,249.0,525.0,47.0,276.0,382.0,122.0,260.0,343.0,928.0,642.0,8.0,Primeira_Liga,2021_2022
173,Marítimo,39.0,34.0,594.0,362.0,282.0,234.0,78.0,313.0,582.0,53.0,269.0,344.0,93.0,251.0,334.0,928.0,554.0,11.0,Primeira_Liga,2022_2023
174,Mechelen,,,,,,,,,,,,,,,,,,,,
174,Mechelen,,,,,,,,,,,,,,,,,,,,
174,Mechelen,,,,,,,,,,,,,,,,,,,,
175,Metalac GM,,,,,,,,,,,,,,,,,,,,
176,Metz,30.0,34.0,562.0,334.0,310.0,183.0,69.0,238.0,514.0,46.0,276.0,416.0,127.0,289.0,348.0,910.0,834.0,9.0,Ligue_1,2023_2024
176,Metz,36.0,38.0,711.0,442.0,395.0,275.0,41.0,300.0,649.0,46.0,349.0,452.0,139.0,313.0,507.0,1218.0,782.0,11.0,Ligue_1,2021_2022
177,Midtjylland,,,,,,,,,,,,,,,,,,,,
177,Midtjylland,,,,,,,,,,,,,,,,,,,,
177,Midtjylland,,,,,,,,,,,,,,,,,,,,
178,Miedź Legnica,,,,,,,,,,,,,,,,,,,,
179,Milan,30.0,38.0,690.0,422.0,327.0,295.0,68.0,300.0,563.0,53.0,263.0,387.0,126.0,261.0,289.0,979.0,542.0,9.0,Serie_A,2022_2023
179,Milan,35.0,38.0,576.0,333.0,274.0,232.0,70.0,273.0,521.0,52.0,248.0,367.0,146.0,221.0,252.0,828.0,548.0,16.0,Serie_A,2023_2024
179,Milan,28.0,38.0,697.0,421.0,304.0,288.0,105.0,281.0,583.0,48.0,302.0,371.0,110.0,261.0,355.0,1052.0,477.0,12.0,Serie_A,2021_2022
180,Mladost Lučani,,,,,,,,,,,,,,,,,,,,
180,Mladost Lučani,,,,,,,,,,,,,,,,,,,,
180,Mladost Lučani,,,,,,,,,,,,,,,,,,,,
181,Monaco,27.0,38.0,696.0,400.0,284.0,310.0,102.0,323.0,701.0,46.0,378.0,459.0,120.0,339.0,426.0,1122.0,549.0,14.0,Ligue_1,2022_2023
181,Monaco,30.0,34.0,664.0,412.0,259.0,314.0,91.0,322.0,686.0,46.0,364.0,418.0,85.0,333.0,394.0,1058.0,582.0,14.0,Ligue_1,2023_2024
181,Monaco,27.0,38.0,745.0,435.0,292.0,368.0,85.0,324.0,701.0,46.0,377.0,378.0,103.0,275.0,424.0,1169.0,487.0,10.0,Ligue_1,2021_2022
182,Montpellier,31.0,38.0,684.0,413.0,362.0,249.0,73.0,361.0,745.0,48.0,384.0,448.0,121.0,327.0,404.0,1088.0,686.0,9.0,Ligue_1,2022_2023
182,Montpellier,31.0,34.0,619.0,379.0,352.0,187.0,80.0,310.0,691.0,44.0,381.0,427.0,161.0,266.0,308.0,927.0,766.0,5.0,Ligue_1,2023_2024
182,Montpellier,27.0,38.0,625.0,380.0,340.0,210.0,75.0,309.0,723.0,42.0,414.0,363.0,134.0,229.0,356.0,981.0,675.0,13.0,Ligue_1,2021_2022
183,Monza,31.0,38.0,595.0,355.0,323.0,214.0,58.0,260.0,551.0,47.0,291.0,380.0,120.0,260.0,334.0,929.0,661.0,13.0,Serie_A,2022_2023
183,Monza,31.0,38.0,565.0,334.0,307.0,195.0,63.0,266.0,484.0,55.0,218.0,378.0,151.0,227.0,279.0,844.0,642.0,8.0,Serie_A,2023_2024
184,Moreirense,29.0,34.0,532.0,345.0,269.0,195.0,68.0,242.0,500.0,48.0,258.0,382.0,114.0,268.0,318.0,850.0,797.0,7.0,Primeira_Liga,2023_2024
184,Moreirense,29.0,34.0,502.0,294.0,247.0,201.0,54.0,225.0,537.0,41.0,312.0,317.0,93.0,224.0,311.0,813.0,674.0,10.0,Primeira_Liga,2021_2022
185,NEC Nijmegen,,,,,,,,,,,,,,,,,,,,
185,NEC Nijmegen,,,,,,,,,,,,,,,,,,,,
185,NEC Nijmegen,,,,,,,,,,,,,,,,,,,,
186,Nantes,29.0,38.0,709.0,431.0,367.0,249.0,93.0,367.0,730.0,50.0,363.0,427.0,107.0,320.0,431.0,1140.0,731.0,8.0,Ligue_1,2022_2023
186,Nantes,35.0,34.0,582.0,352.0,307.0,220.0,55.0,298.0,616.0,48.0,318.0,339.0,102.0,237.0,332.0,914.0,697.0,4.0,Ligue_1,2023_2024
186,Nantes,26.0,38.0,685.0,405.0,331.0,262.0,92.0,353.0,774.0,45.0,421.0,419.0,136.0,283.0,415.0,1100.0,680.0,9.0,Ligue_1,2021_2022
187,Napoli,27.0,38.0,569.0,313.0,236.0,227.0,106.0,255.0,521.0,48.0,266.0,374.0,96.0,278.0,287.0,856.0,490.0,7.0,Serie_A,2022_2023
187,Napoli,29.0,38.0,571.0,326.0,235.0,237.0,99.0,263.0,554.0,47.0,291.0,351.0,92.0,259.0,241.0,812.0,521.0,5.0,Serie_A,2023_2024
187,Napoli,27.0,38.0,550.0,327.0,246.0,227.0,77.0,268.0,617.0,43.0,349.0,371.0,108.0,263.0,296.0,846.0,510.0,8.0,Serie_A,2021_2022
188,Napredak Kruš,,,,,,,,,,,,,,,,,,,,
188,Napredak Kruš,,,,,,,,,,,,,,,,,,,,
188,Napredak Kruš,,,,,,,,,,,,,,,,,,,,
189,Newcastle Utd,32.0,38.0,661.0,391.0,316.0,254.0,91.0,302.0,681.0,44.0,379.0,497.0,151.0,346.0,285.0,946.0,682.0,16.0,Premier_League,2023_2024
189,Newcastle Utd,27.0,38.0,607.0,360.0,268.0,254.0,85.0,307.0,642.0,47.0,335.0,448.0,116.0,332.0,333.0,940.0,680.0,10.0,Premier_League,2022_2023
189,Newcastle Utd,29.0,38.0,659.0,383.0,334.0,266.0,59.0,304.0,641.0,47.0,337.0,420.0,162.0,258.0,360.0,1019.0,776.0,14.0,Premier_League,2021_2022
190,Nice,34.0,38.0,818.0,467.0,415.0,295.0,108.0,382.0,680.0,56.0,298.0,419.0,115.0,304.0,413.0,1231.0,588.0,9.0,Ligue_1,2022_2023
190,Nice,27.0,34.0,538.0,308.0,247.0,212.0,79.0,285.0,505.0,56.0,220.0,389.0,111.0,278.0,292.0,830.0,505.0,10.0,Ligue_1,2023_2024
190,Nice,27.0,38.0,610.0,369.0,291.0,253.0,66.0,314.0,590.0,53.0,276.0,392.0,119.0,273.0,441.0,1051.0,595.0,7.0,Ligue_1,2021_2022
191,Nordsjælland,,,,,,,,,,,,,,,,,,,,
191,Nordsjælland,,,,,,,,,,,,,,,,,,,,
191,Nordsjælland,,,,,,,,,,,,,,,,,,,,
192,Norwich City,28.0,38.0,614.0,368.0,322.0,242.0,50.0,297.0,714.0,41.0,417.0,450.0,180.0,270.0,381.0,995.0,860.0,14.0,Premier_League,2021_2022
193,Nott'ham Forest,33.0,38.0,728.0,429.0,437.0,219.0,72.0,325.0,607.0,53.0,282.0,488.0,168.0,320.0,331.0,1059.0,968.0,13.0,Premier_League,2023_2024
193,Nott'ham Forest,33.0,38.0,659.0,387.0,380.0,201.0,78.0,296.0,589.0,50.0,293.0,500.0,156.0,344.0,349.0,1008.0,944.0,7.0,Premier_League,2022_2023
194,Novi Pazar,,,,,,,,,,,,,,,,,,,,
194,Novi Pazar,,,,,,,,,,,,,,,,,,,,
194,Novi Pazar,,,,,,,,,,,,,,,,,,,,
195,OFI Crete,,,,,,,,,,,,,,,,,,,,
195,OFI Crete,,,,,,,,,,,,,,,,,,,,
195,OFI Crete,,,,,,,,,,,,,,,,,,,,
196,OH Leuven,,,,,,,,,,,,,,,,,,,,
196,OH Leuven,,,,,,,,,,,,,,,,,,,,
196,OH Leuven,,,,,,,,,,,,,,,,,,,,
197,Odense,,,,,,,,,,,,,,,,,,,,
197,Odense,,,,,,,,,,,,,,,,,,,,
197,Odense,,,,,,,,,,,,,,,,,,,,
198,Olympiacos,,,,,,,,,,,,,,,,,,,,
198,Olympiacos,,,,,,,,,,,,,,,,,,,,
198,Olympiacos,,,,,,,,,,,,,,,,,,,,
199,Oostende,,,,,,,,,,,,,,,,,,,,
199,Oostende,,,,,,,,,,,,,,,,,,,,
200,Osasuna,29.0,38.0,577.0,331.0,270.0,236.0,71.0,251.0,598.0,42.0,347.0,340.0,115.0,225.0,368.0,945.0,758.0,5.0,La_Liga,2021_2022
200,Osasuna,26.0,38.0,534.0,328.0,256.0,196.0,82.0,266.0,588.0,45.0,322.0,392.0,97.0,295.0,315.0,849.0,749.0,10.0,La_Liga,2022_2023
200,Osasuna,29.0,38.0,525.0,311.0,247.0,201.0,77.0,243.0,517.0,47.0,274.0,400.0,108.0,292.0,263.0,788.0,756.0,16.0,La_Liga,2023_2024
201,PAOK,,,,,,,,,,,,,,,,,,,,
201,PAOK,,,,,,,,,,,,,,,,,,,,
201,PAOK,,,,,,,,,,,,,,,,,,,,
202,PAS Giannina,,,,,,,,,,,,,,,,,,,,
202,PAS Giannina,,,,,,,,,,,,,,,,,,,,
202,PAS Giannina,,,,,,,,,,,,,,,,,,,,
203,PAS Lamia,,,,,,,,,,,,,,,,,,,,
203,PAS Lamia,,,,,,,,,,,,,,,,,,,,
203,PAS Lamia,,,,,,,,,,,,,,,,,,,,
204,PFC Hebar Pazardzhik,,,,,,,,,,,,,,,,,,,,
204,PFC Hebar Pazardzhik,,,,,,,,,,,,,,,,,,,,
205,PSV Eindhoven,,,,,,,,,,,,,,,,,,,,
205,PSV Eindhoven,,,,,,,,,,,,,,,,,,,,
205,PSV Eindhoven,,,,,,,,,,,,,,,,,,,,
206,Panathinaikos,,,,,,,,,,,,,,,,,,,,
206,Panathinaikos,,,,,,,,,,,,,,,,,,,,
206,Panathinaikos,,,,,,,,,,,,,,,,,,,,
207,Panetolikos,,,,,,,,,,,,,,,,,,,,
207,Panetolikos,,,,,,,,,,,,,,,,,,,,
207,Panetolikos,,,,,,,,,,,,,,,,,,,,
208,Panserraikos,,,,,,,,,,,,,,,,,,,,
209,Paris S-G,26.0,38.0,612.0,362.0,253.0,255.0,104.0,339.0,693.0,48.0,354.0,378.0,109.0,269.0,296.0,908.0,432.0,20.0,Ligue_1,2022_2023
209,Paris S-G,29.0,34.0,585.0,360.0,254.0,221.0,110.0,283.0,602.0,47.0,319.0,346.0,108.0,238.0,268.0,853.0,509.0,22.0,Ligue_1,2023_2024
209,Paris S-G,36.0,38.0,607.0,360.0,229.0,276.0,102.0,290.0,599.0,48.0,309.0,330.0,106.0,224.0,303.0,910.0,437.0,14.0,Ligue_1,2021_2022
210,Partizan,,,,,,,,,,,,,,,,,,,,
210,Partizan,,,,,,,,,,,,,,,,,,,,
210,Partizan,,,,,,,,,,,,,,,,,,,,
211,Paços,30.0,34.0,492.0,285.0,239.0,191.0,62.0,270.0,642.0,42.0,372.0,328.0,109.0,219.0,376.0,868.0,637.0,9.0,Primeira_Liga,2021_2022
211,Paços,36.0,34.0,487.0,292.0,254.0,170.0,63.0,248.0,530.0,46.0,282.0,347.0,115.0,232.0,330.0,817.0,656.0,16.0,Primeira_Liga,2022_2023
212,Pendikspor,,,,,,,,,,,,,,,,,,,,
213,Piast Gliwice,,,,,,,,,,,,,,,,,,,,
213,Piast Gliwice,,,,,,,,,,,,,,,,,,,,
213,Piast Gliwice,,,,,,,,,,,,,,,,,,,,
214,Pirin Blagoevgrad,,,,,,,,,,,,,,,,,,,,
214,Pirin Blagoevgrad,,,,,,,,,,,,,,,,,,,,
214,Pirin Blagoevgrad,,,,,,,,,,,,,,,,,,,,
215,Pogoń Szczecin,,,,,,,,,,,,,,,,,,,,
215,Pogoń Szczecin,,,,,,,,,,,,,,,,,,,,
215,Pogoń Szczecin,,,,,,,,,,,,,,,,,,,,
216,Portimonense,31.0,34.0,661.0,413.0,343.0,255.0,63.0,312.0,594.0,52.0,282.0,402.0,129.0,273.0,356.0,1017.0,811.0,10.0,Primeira_Liga,2023_2024
216,Portimonense,35.0,34.0,473.0,280.0,250.0,172.0,51.0,228.0,497.0,45.0,269.0,344.0,131.0,213.0,355.0,828.0,669.0,6.0,Primeira_Liga,2021_2022
216,Portimonense,35.0,34.0,532.0,331.0,241.0,225.0,66.0,241.0,515.0,46.0,274.0,399.0,126.0,273.0,339.0,871.0,722.0,12.0,Primeira_Liga,2022_2023
217,Porto,32.0,34.0,484.0,308.0,188.0,218.0,78.0,245.0,492.0,49.0,247.0,308.0,71.0,237.0,215.0,699.0,440.0,6.0,Primeira_Liga,2023_2024
217,Porto,33.0,34.0,553.0,340.0,178.0,258.0,117.0,273.0,573.0,47.0,300.0,299.0,52.0,247.0,323.0,876.0,407.0,6.0,Primeira_Liga,2021_2022
217,Porto,28.0,34.0,593.0,358.0,251.0,234.0,108.0,305.0,617.0,49.0,312.0,324.0,67.0,257.0,333.0,926.0,487.0,7.0,Primeira_Liga,2022_2023
218,Proleter NS,,,,,,,,,,,,,,,,,,,,
219,Puszcza Niepołomice,,,,,,,,,,,,,,,,,,,,
220,R.F.C. Seraing,,,,,,,,,,,,,,,,,,,,
220,R.F.C. Seraing,,,,,,,,,,,,,,,,,,,,
221,RB Leipzig,25.0,34.0,534.0,312.0,237.0,231.0,66.0,253.0,512.0,49.0,259.0,428.0,94.0,334.0,310.0,844.0,552.0,3.0,Bundesliga,2022_2023
221,RB Leipzig,29.0,34.0,499.0,289.0,218.0,222.0,59.0,219.0,512.0,42.0,293.0,399.0,81.0,318.0,349.0,848.0,523.0,12.0,Bundesliga,2021_2022
221,RB Leipzig,26.0,34.0,538.0,317.0,236.0,240.0,62.0,244.0,487.0,50.0,243.0,444.0,97.0,347.0,240.0,778.0,630.0,12.0,Bundesliga,2023_2024
222,RB Salzburg,,,,,,,,,,,,,,,,,,,,
222,RB Salzburg,,,,,,,,,,,,,,,,,,,,
222,RB Salzburg,,,,,,,,,,,,,,,,,,,,
223,RKC Waalwijk,,,,,,,,,,,,,,,,,,,,
223,RKC Waalwijk,,,,,,,,,,,,,,,,,,,,
223,RKC Waalwijk,,,,,,,,,,,,,,,,,,,,
224,RKS Raków,,,,,,,,,,,,,,,,,,,,
224,RKS Raków,,,,,,,,,,,,,,,,,,,,
224,RKS Raków,,,,,,,,,,,,,,,,,,,,
225,RWD Molenbeek,,,,,,,,,,,,,,,,,,,,
226,Radnik Surdulica,,,,,,,,,,,,,,,,,,,,
226,Radnik Surdulica,,,,,,,,,,,,,,,,,,,,
226,Radnik Surdulica,,,,,,,,,,,,,,,,,,,,
227,Radnički Kragujevac,,,,,,,,,,,,,,,,,,,,
227,Radnički Kragujevac,,,,,,,,,,,,,,,,,,,,
227,Radnički Kragujevac,,,,,,,,,,,,,,,,,,,,
228,Radnički Niš,,,,,,,,,,,,,,,,,,,,
228,Radnički Niš,,,,,,,,,,,,,,,,,,,,
228,Radnički Niš,,,,,,,,,,,,,,,,,,,,
229,Radomiak Radom,,,,,,,,,,,,,,,,,,,,
229,Radomiak Radom,,,,,,,,,,,,,,,,,,,,
229,Radomiak Radom,,,,,,,,,,,,,,,,,,,,
230,Randers,,,,,,,,,,,,,,,,,,,,
230,Randers,,,,,,,,,,,,,,,,,,,,
230,Randers,,,,,,,,,,,,,,,,,,,,
231,Rapid Wien,,,,,,,,,,,,,,,,,,,,
231,Rapid Wien,,,,,,,,,,,,,,,,,,,,
231,Rapid Wien,,,,,,,,,,,,,,,,,,,,
232,Rayo Vallecano,28.0,38.0,621.0,359.0,320.0,237.0,64.0,280.0,688.0,40.0,408.0,410.0,95.0,315.0,365.0,986.0,686.0,9.0,La_Liga,2021_2022
232,Rayo Vallecano,28.0,38.0,636.0,393.0,262.0,276.0,98.0,281.0,664.0,42.0,383.0,428.0,92.0,336.0,309.0,945.0,680.0,11.0,La_Liga,2022_2023
232,Rayo Vallecano,26.0,38.0,630.0,372.0,279.0,282.0,69.0,270.0,608.0,44.0,338.0,410.0,105.0,305.0,308.0,938.0,796.0,12.0,La_Liga,2023_2024
233,Real Madrid,31.0,38.0,560.0,345.0,281.0,195.0,84.0,211.0,502.0,42.0,291.0,379.0,114.0,265.0,334.0,894.0,526.0,17.0,La_Liga,2021_2022
233,Real Madrid,26.0,38.0,542.0,353.0,242.0,212.0,88.0,259.0,565.0,45.0,306.0,365.0,105.0,260.0,296.0,838.0,469.0,5.0,La_Liga,2022_2023
233,Real Madrid,27.0,38.0,557.0,368.0,252.0,214.0,91.0,225.0,461.0,48.0,236.0,401.0,104.0,297.0,296.0,853.0,552.0,14.0,La_Liga,2023_2024
234,Real Sociedad,32.0,38.0,586.0,339.0,271.0,234.0,81.0,260.0,546.0,47.0,286.0,382.0,105.0,277.0,348.0,934.0,703.0,6.0,La_Liga,2021_2022
234,Real Sociedad,30.0,38.0,660.0,395.0,304.0,254.0,102.0,285.0,613.0,46.0,328.0,399.0,103.0,296.0,271.0,931.0,624.0,13.0,La_Liga,2022_2023
234,Real Sociedad,31.0,38.0,650.0,405.0,271.0,285.0,94.0,283.0,552.0,51.0,269.0,405.0,118.0,287.0,253.0,903.0,693.0,15.0,La_Liga,2023_2024
235,Red Star,,,,,,,,,,,,,,,,,,,,
235,Red Star,,,,,,,,,,,,,,,,,,,,
235,Red Star,,,,,,,,,,,,,,,,,,,,
236,Reims,34.0,38.0,703.0,407.0,338.0,259.0,106.0,339.0,747.0,45.0,408.0,468.0,127.0,341.0,397.0,1100.0,633.0,15.0,Ligue_1,2022_2023
236,Reims,29.0,34.0,640.0,392.0,303.0,246.0,91.0,320.0,639.0,50.0,319.0,398.0,133.0,265.0,342.0,982.0,671.0,10.0,Ligue_1,2023_2024
236,Reims,35.0,38.0,615.0,365.0,328.0,221.0,66.0,286.0,629.0,45.0,343.0,460.0,154.0,306.0,493.0,1108.0,753.0,7.0,Ligue_1,2021_2022
237,Rennes,32.0,38.0,600.0,335.0,255.0,251.0,94.0,289.0,616.0,46.0,327.0,392.0,91.0,301.0,341.0,941.0,587.0,10.0,Ligue_1,2022_2023
237,Rennes,29.0,34.0,526.0,311.0,261.0,190.0,75.0,280.0,525.0,53.0,245.0,371.0,106.0,265.0,328.0,854.0,618.0,10.0,Ligue_1,2023_2024
237,Rennes,28.0,38.0,546.0,318.0,234.0,215.0,97.0,261.0,550.0,47.0,289.0,347.0,92.0,255.0,315.0,861.0,646.0,12.0,Ligue_1,2021_2022
238,Ried,,,,,,,,,,,,,,,,,,,,
238,Ried,,,,,,,,,,,,,,,,,,,,
239,Rio Ave,33.0,34.0,541.0,329.0,253.0,233.0,55.0,283.0,577.0,49.0,294.0,403.0,119.0,284.0,289.0,830.0,755.0,15.0,Primeira_Liga,2023_2024
239,Rio Ave,30.0,34.0,542.0,334.0,264.0,231.0,47.0,271.0,548.0,49.0,277.0,390.0,129.0,261.0,298.0,840.0,700.0,12.0,Primeira_Liga,2022_2023
240,Rizespor,,,,,,,,,,,,,,,,,,,,
240,Rizespor,,,,,,,,,,,,,,,,,,,,
241,Roma,30.0,38.0,624.0,340.0,301.0,257.0,66.0,289.0,617.0,46.0,328.0,392.0,113.0,279.0,368.0,992.0,590.0,9.0,Serie_A,2022_2023
241,Roma,30.0,38.0,569.0,336.0,261.0,229.0,79.0,249.0,535.0,46.0,286.0,370.0,132.0,238.0,242.0,811.0,623.0,16.0,Serie_A,2023_2024
241,Roma,29.0,38.0,613.0,362.0,282.0,253.0,78.0,283.0,622.0,45.0,339.0,383.0,82.0,301.0,385.0,998.0,552.0,9.0,Serie_A,2021_2022
242,Ruch Chorzów,,,,,,,,,,,,,,,,,,,,
243,SC Austria Lustenau,,,,,,,,,,,,,,,,,,,,
243,SC Austria Lustenau,,,,,,,,,,,,,,,,,,,,
244,SCR Altach,,,,,,,,,,,,,,,,,,,,
244,SCR Altach,,,,,,,,,,,,,,,,,,,,
244,SCR Altach,,,,,,,,,,,,,,,,,,,,
245,SK Austria Klagenfurt,,,,,,,,,,,,,,,,,,,,
245,SK Austria Klagenfurt,,,,,,,,,,,,,,,,,,,,
245,SK Austria Klagenfurt,,,,,,,,,,,,,,,,,,,,
246,Saint-Étienne,39.0,38.0,695.0,397.0,341.0,265.0,89.0,295.0,638.0,46.0,343.0,398.0,93.0,305.0,452.0,1147.0,563.0,10.0,Ligue_1,2021_2022
247,Salernitana,30.0,38.0,587.0,337.0,309.0,220.0,58.0,259.0,569.0,45.0,310.0,409.0,157.0,252.0,329.0,916.0,740.0,13.0,Serie_A,2022_2023
247,Salernitana,39.0,38.0,536.0,327.0,289.0,198.0,49.0,257.0,519.0,49.0,262.0,409.0,161.0,248.0,279.0,815.0,816.0,12.0,Serie_A,2023_2024
247,Salernitana,42.0,38.0,541.0,321.0,274.0,208.0,59.0,277.0,579.0,47.0,302.0,394.0,146.0,248.0,353.0,894.0,777.0,3.0,Serie_A,2021_2022
248,Sampdoria,40.0,38.0,589.0,351.0,290.0,240.0,59.0,261.0,558.0,46.0,297.0,428.0,152.0,276.0,317.0,906.0,688.0,7.0,Serie_A,2022_2023
248,Sampdoria,34.0,38.0,562.0,327.0,277.0,217.0,68.0,288.0,629.0,45.0,341.0,383.0,134.0,249.0,443.0,1005.0,723.0,11.0,Serie_A,2021_2022
249,Samsunspor,,,,,,,,,,,,,,,,,,,,
250,Santa Clara,32.0,34.0,524.0,323.0,279.0,198.0,47.0,262.0,539.0,48.0,277.0,322.0,97.0,225.0,378.0,902.0,657.0,11.0,Primeira_Liga,2021_2022
250,Santa Clara,34.0,34.0,546.0,342.0,262.0,228.0,56.0,274.0,578.0,47.0,304.0,366.0,112.0,254.0,314.0,860.0,735.0,7.0,Primeira_Liga,2022_2023
251,Sassuolo,31.0,38.0,502.0,281.0,237.0,186.0,79.0,216.0,461.0,46.0,245.0,371.0,122.0,249.0,278.0,780.0,658.0,16.0,Serie_A,2022_2023
251,Sassuolo,30.0,38.0,507.0,310.0,241.0,198.0,68.0,245.0,531.0,46.0,286.0,402.0,143.0,259.0,267.0,774.0,767.0,14.0,Serie_A,2023_2024
251,Sassuolo,29.0,38.0,482.0,271.0,252.0,163.0,67.0,236.0,574.0,41.0,338.0,422.0,127.0,295.0,314.0,796.0,664.0,19.0,Serie_A,2021_2022
252,Schalke 04,35.0,34.0,542.0,329.0,240.0,246.0,56.0,253.0,551.0,45.0,298.0,397.0,110.0,287.0,306.0,848.0,723.0,12.0,Bundesliga,2022_2023
253,Septemvri Sofia,,,,,,,,,,,,,,,,,,,,
254,Sevilla,33.0,38.0,534.0,302.0,252.0,211.0,71.0,236.0,542.0,43.0,306.0,367.0,124.0,243.0,270.0,804.0,603.0,18.0,La_Liga,2021_2022
254,Sevilla,35.0,38.0,587.0,367.0,261.0,230.0,96.0,281.0,591.0,47.0,310.0,361.0,127.0,234.0,339.0,926.0,633.0,9.0,La_Liga,2022_2023
254,Sevilla,35.0,38.0,697.0,463.0,380.0,237.0,80.0,335.0,626.0,53.0,291.0,395.0,123.0,272.0,313.0,1010.0,772.0,9.0,La_Liga,2023_2024
255,Sheffield Utd,35.0,38.0,709.0,405.0,375.0,248.0,86.0,299.0,635.0,47.0,336.0,514.0,180.0,334.0,348.0,1057.0,1042.0,18.0,Premier_League,2023_2024
256,Silkeborg,,,,,,,,,,,,,,,,,,,,
256,Silkeborg,,,,,,,,,,,,,,,,,,,,
256,Silkeborg,,,,,,,,,,,,,,,,,,,,
257,Sint-Truiden,,,,,,,,,,,,,,,,,,,,
257,Sint-Truiden,,,,,,,,,,,,,,,,,,,,
257,Sint-Truiden,,,,,,,,,,,,,,,,,,,,
258,Sivasspor,,,,,,,,,,,,,,,,,,,,
258,Sivasspor,,,,,,,,,,,,,,,,,,,,
258,Sivasspor,,,,,,,,,,,,,,,,,,,,
259,Slavia Sofia,,,,,,,,,,,,,,,,,,,,
259,Slavia Sofia,,,,,,,,,,,,,,,,,,,,
259,Slavia Sofia,,,,,,,,,,,,,,,,,,,,
260,Southampton,36.0,38.0,714.0,426.0,378.0,279.0,57.0,297.0,612.0,48.0,315.0,542.0,165.0,377.0,427.0,1141.0,852.0,11.0,Premier_League,2022_2023
260,Southampton,25.0,38.0,602.0,340.0,285.0,243.0,74.0,248.0,581.0,42.0,333.0,430.0,132.0,298.0,446.0,1048.0,795.0,13.0,Premier_League,2021_2022
261,Sparta R'dam,,,,,,,,,,,,,,,,,,,,
261,Sparta R'dam,,,,,,,,,,,,,,,,,,,,
261,Sparta R'dam,,,,,,,,,,,,,,,,,,,,
262,Spartak Subotic,,,,,,,,,,,,,,,,,,,,
262,Spartak Subotic,,,,,,,,,,,,,,,,,,,,
262,Spartak Subotic,,,,,,,,,,,,,,,,,,,,
263,Spezia,34.0,38.0,622.0,359.0,290.0,236.0,96.0,254.0,569.0,44.0,315.0,457.0,161.0,296.0,301.0,923.0,830.0,7.0,Serie_A,2022_2023
263,Spezia,30.0,38.0,580.0,343.0,301.0,205.0,74.0,266.0,585.0,45.0,319.0,465.0,176.0,289.0,372.0,952.0,736.0,8.0,Serie_A,2021_2022
264,Sporting CP,29.0,34.0,562.0,354.0,211.0,259.0,92.0,257.0,496.0,51.0,239.0,281.0,70.0,211.0,216.0,778.0,420.0,8.0,Primeira_Liga,2023_2024
264,Sporting CP,31.0,34.0,567.0,333.0,237.0,261.0,69.0,262.0,577.0,45.0,315.0,331.0,67.0,264.0,341.0,908.0,427.0,7.0,Primeira_Liga,2021_2022
264,Sporting CP,32.0,34.0,595.0,352.0,203.0,298.0,94.0,312.0,597.0,52.0,285.0,295.0,70.0,225.0,293.0,888.0,363.0,7.0,Primeira_Liga,2022_2023
265,Stal Mielec,,,,,,,,,,,,,,,,,,,,
265,Stal Mielec,,,,,,,,,,,,,,,,,,,,
265,Stal Mielec,,,,,,,,,,,,,,,,,,,,
266,Standard Liège,,,,,,,,,,,,,,,,,,,,
266,Standard Liège,,,,,,,,,,,,,,,,,,,,
266,Standard Liège,,,,,,,,,,,,,,,,,,,,
267,Strasbourg,29.0,38.0,690.0,409.0,316.0,284.0,90.0,344.0,666.0,51.0,322.0,423.0,98.0,325.0,437.0,1127.0,688.0,5.0,Ligue_1,2022_2023
267,Strasbourg,30.0,34.0,620.0,383.0,317.0,240.0,63.0,308.0,572.0,53.0,264.0,406.0,115.0,291.0,347.0,967.0,682.0,13.0,Ligue_1,2023_2024
267,Strasbourg,26.0,38.0,660.0,392.0,302.0,257.0,101.0,293.0,626.0,46.0,333.0,380.0,93.0,287.0,433.0,1093.0,563.0,6.0,Ligue_1,2021_2022
268,Sturm Graz,,,,,,,,,,,,,,,,,,,,
268,Sturm Graz,,,,,,,,,,,,,,,,,,,,
268,Sturm Graz,,,,,,,,,,,,,,,,,,,,
269,Stuttgart,30.0,34.0,528.0,316.0,255.0,207.0,66.0,268.0,524.0,51.0,256.0,421.0,113.0,308.0,308.0,836.0,666.0,10.0,Bundesliga,2022_2023
269,Stuttgart,34.0,34.0,532.0,307.0,231.0,236.0,65.0,241.0,530.0,45.0,289.0,386.0,124.0,262.0,342.0,874.0,708.0,8.0,Bundesliga,2021_2022
269,Stuttgart,27.0,34.0,537.0,316.0,222.0,239.0,76.0,253.0,513.0,49.0,260.0,378.0,109.0,269.0,269.0,806.0,619.0,12.0,Bundesliga,2023_2024
270,SønderjyskE,,,,,,,,,,,,,,,,,,,,
271,TSC Bačka Top,,,,,,,,,,,,,,,,,,,,
271,TSC Bačka Top,,,,,,,,,,,,,,,,,,,,
271,TSC Bačka Top,,,,,,,,,,,,,,,,,,,,
272,Tondela,27.0,34.0,586.0,376.0,330.0,207.0,49.0,305.0,599.0,50.0,294.0,318.0,95.0,223.0,348.0,934.0,669.0,6.0,Primeira_Liga,2021_2022
273,Torino,28.0,38.0,473.0,265.0,231.0,187.0,55.0,199.0,367.0,54.0,168.0,337.0,110.0,227.0,292.0,765.0,627.0,9.0,Serie_A,2022_2023
273,Torino,30.0,38.0,471.0,275.0,207.0,213.0,51.0,191.0,386.0,49.0,195.0,303.0,100.0,203.0,329.0,800.0,594.0,15.0,Serie_A,2023_2024
273,Torino,31.0,38.0,531.0,314.0,223.0,234.0,74.0,228.0,440.0,51.0,212.0,375.0,108.0,267.0,423.0,954.0,651.0,4.0,Serie_A,2021_2022
274,Tottenham,29.0,38.0,724.0,451.0,335.0,264.0,125.0,360.0,691.0,52.0,331.0,445.0,132.0,313.0,355.0,1079.0,707.0,24.0,Premier_League,2023_2024
274,Tottenham,29.0,38.0,619.0,353.0,325.0,215.0,79.0,275.0,574.0,47.0,299.0,428.0,148.0,280.0,340.0,959.0,762.0,20.0,Premier_League,2022_2023
274,Tottenham,25.0,38.0,598.0,349.0,286.0,244.0,68.0,262.0,584.0,44.0,322.0,470.0,161.0,309.0,355.0,953.0,793.0,15.0,Premier_League,2021_2022
275,Toulouse,29.0,38.0,716.0,406.0,349.0,264.0,103.0,368.0,842.0,43.0,474.0,476.0,138.0,338.0,409.0,1125.0,656.0,15.0,Ligue_1,2022_2023
275,Toulouse,26.0,34.0,612.0,358.0,295.0,241.0,76.0,294.0,626.0,47.0,332.0,431.0,148.0,283.0,294.0,906.0,715.0,6.0,Ligue_1,2023_2024
276,Trabzonspor,,,,,,,,,,,,,,,,,,,,
276,Trabzonspor,,,,,,,,,,,,,,,,,,,,
276,Trabzonspor,,,,,,,,,,,,,,,,,,,,
277,Troyes,32.0,38.0,608.0,361.0,333.0,207.0,68.0,272.0,606.0,44.0,334.0,416.0,144.0,272.0,398.0,1006.0,779.0,5.0,Ligue_1,2022_2023
277,Troyes,35.0,38.0,636.0,351.0,351.0,221.0,64.0,285.0,625.0,45.0,340.0,375.0,107.0,268.0,430.0,1066.0,656.0,8.0,Ligue_1,2021_2022
278,Tsarsko Selo,,,,,,,,,,,,,,,,,,,,
279,Twente,,,,,,,,,,,,,,,,,,,,
279,Twente,,,,,,,,,,,,,,,,,,,,
279,Twente,,,,,,,,,,,,,,,,,,,,
280,Udinese,30.0,38.0,651.0,365.0,363.0,228.0,60.0,326.0,632.0,51.0,306.0,437.0,128.0,309.0,314.0,965.0,712.0,8.0,Serie_A,2022_2023
280,Udinese,32.0,38.0,606.0,381.0,345.0,213.0,48.0,299.0,571.0,52.0,272.0,437.0,129.0,308.0,327.0,933.0,988.0,10.0,Serie_A,2023_2024
280,Udinese,29.0,38.0,622.0,350.0,282.0,271.0,69.0,284.0,643.0,44.0,359.0,432.0,122.0,310.0,351.0,973.0,671.0,12.0,Serie_A,2021_2022
281,Union Berlin,28.0,34.0,494.0,278.0,217.0,216.0,61.0,239.0,525.0,45.0,286.0,356.0,101.0,255.0,262.0,756.0,704.0,6.0,Bundesliga,2022_2023
281,Union Berlin,28.0,34.0,538.0,296.0,266.0,223.0,49.0,268.0,568.0,47.0,300.0,322.0,90.0,232.0,376.0,914.0,657.0,7.0,Bundesliga,2021_2022
281,Union Berlin,30.0,34.0,549.0,352.0,242.0,240.0,67.0,254.0,504.0,50.0,250.0,480.0,137.0,343.0,305.0,854.0,861.0,9.0,Bundesliga,2023_2024
282,Union SG,,,,,,,,,,,,,,,,,,,,
282,Union SG,,,,,,,,,,,,,,,,,,,,
282,Union SG,,,,,,,,,,,,,,,,,,,,
283,Utrecht,,,,,,,,,,,,,,,,,,,,
283,Utrecht,,,,,,,,,,,,,,,,,,,,
283,Utrecht,,,,,,,,,,,,,,,,,,,,
284,Valencia,34.0,38.0,591.0,364.0,289.0,217.0,85.0,266.0,623.0,42.0,357.0,373.0,93.0,280.0,339.0,930.0,746.0,8.0,La_Liga,2021_2022
284,Valencia,28.0,38.0,678.0,428.0,340.0,254.0,84.0,311.0,645.0,48.0,334.0,370.0,75.0,295.0,288.0,966.0,643.0,21.0,La_Liga,2022_2023
284,Valencia,29.0,38.0,657.0,379.0,335.0,250.0,72.0,309.0,618.0,50.0,309.0,392.0,105.0,287.0,324.0,981.0,842.0,9.0,La_Liga,2023_2024
285,Valladolid,36.0,38.0,671.0,396.0,334.0,251.0,86.0,296.0,628.0,47.0,332.0,432.0,149.0,283.0,345.0,1016.0,767.0,8.0,La_Liga,2022_2023
286,Vejle BK,,,,,,,,,,,,,,,,,,,,
286,Vejle BK,,,,,,,,,,,,,,,,,,,,
287,Venezia,39.0,38.0,613.0,352.0,325.0,217.0,71.0,273.0,626.0,43.0,353.0,495.0,202.0,293.0,388.0,1001.0,865.0,13.0,Serie_A,2021_2022
288,Viborg,,,,,,,,,,,,,,,,,,,,
288,Viborg,,,,,,,,,,,,,,,,,,,,
288,Viborg,,,,,,,,,,,,,,,,,,,,
289,Villarreal,29.0,38.0,538.0,312.0,250.0,197.0,91.0,229.0,476.0,48.0,247.0,330.0,109.0,221.0,329.0,867.0,644.0,16.0,La_Liga,2021_2022
289,Villarreal,32.0,38.0,578.0,370.0,276.0,201.0,101.0,270.0,534.0,50.0,264.0,372.0,125.0,247.0,262.0,840.0,691.0,16.0,La_Liga,2022_2023
289,Villarreal,32.0,38.0,576.0,348.0,288.0,212.0,76.0,260.0,532.0,48.0,272.0,386.0,130.0,256.0,304.0,880.0,789.0,12.0,La_Liga,2023_2024
290,Vitesse,,,,,,,,,,,,,,,,,,,,
290,Vitesse,,,,,,,,,,,,,,,,,,,,
290,Vitesse,,,,,,,,,,,,,,,,,,,,
291,Vitória,27.0,34.0,505.0,320.0,241.0,205.0,59.0,283.0,555.0,51.0,272.0,366.0,78.0,288.0,277.0,782.0,643.0,7.0,Primeira_Liga,2023_2024
291,Vitória,31.0,34.0,470.0,290.0,215.0,188.0,67.0,238.0,516.0,46.0,278.0,279.0,77.0,202.0,322.0,792.0,554.0,10.0,Primeira_Liga,2021_2022
291,Vitória,34.0,34.0,579.0,353.0,325.0,187.0,67.0,287.0,541.0,53.0,254.0,359.0,97.0,262.0,350.0,929.0,703.0,5.0,Primeira_Liga,2022_2023
292,Vizela,31.0,34.0,521.0,312.0,262.0,198.0,61.0,257.0,536.0,47.0,279.0,384.0,127.0,257.0,266.0,787.0,766.0,8.0,Primeira_Liga,2023_2024
292,Vizela,31.0,34.0,534.0,322.0,271.0,192.0,71.0,266.0,585.0,45.0,319.0,314.0,99.0,215.0,384.0,918.0,695.0,9.0,Primeira_Liga,2021_2022
292,Vizela,30.0,34.0,558.0,319.0,262.0,227.0,69.0,296.0,546.0,54.0,250.0,370.0,132.0,238.0,381.0,939.0,817.0,5.0,Primeira_Liga,2022_2023
293,Vojvodina,,,,,,,,,,,,,,,,,,,,
293,Vojvodina,,,,,,,,,,,,,,,,,,,,
293,Vojvodina,,,,,,,,,,,,,,,,,,,,
294,Volendam,,,,,,,,,,,,,,,,,,,,
294,Volendam,,,,,,,,,,,,,,,,,,,,
295,Volos NFC,,,,,,,,,,,,,,,,,,,,
295,Volos NFC,,,,,,,,,,,,,,,,,,,,
295,Volos NFC,,,,,,,,,,,,,,,,,,,,
296,Voždovac,,,,,,,,,,,,,,,,,,,,
296,Voždovac,,,,,,,,,,,,,,,,,,,,
296,Voždovac,,,,,,,,,,,,,,,,,,,,
297,WSG Tirol,,,,,,,,,,,,,,,,,,,,
297,WSG Tirol,,,,,,,,,,,,,,,,,,,,
297,WSG Tirol,,,,,,,,,,,,,,,,,,,,
298,Warta Poznań,,,,,,,,,,,,,,,,,,,,
298,Warta Poznań,,,,,,,,,,,,,,,,,,,,
298,Warta Poznań,,,,,,,,,,,,,,,,,,,,
299,Watford,30.0,38.0,614.0,356.0,341.0,213.0,60.0,278.0,626.0,44.0,348.0,440.0,148.0,292.0,444.0,1058.0,899.0,19.0,Premier_League,2021_2022
300,Werder Bremen,25.0,34.0,595.0,349.0,269.0,273.0,53.0,300.0,617.0,48.0,317.0,371.0,103.0,268.0,321.0,916.0,789.0,7.0,Bundesliga,2022_2023
300,Werder Bremen,30.0,34.0,604.0,351.0,303.0,239.0,62.0,312.0,609.0,51.0,297.0,434.0,153.0,281.0,284.0,888.0,785.0,9.0,Bundesliga,2023_2024
301,West Ham,26.0,38.0,684.0,426.0,350.0,254.0,80.0,307.0,607.0,50.0,300.0,487.0,180.0,307.0,361.0,1045.0,906.0,9.0,Premier_League,2023_2024
301,West Ham,25.0,38.0,608.0,336.0,290.0,226.0,92.0,270.0,563.0,48.0,293.0,415.0,139.0,276.0,408.0,1016.0,810.0,10.0,Premier_League,2022_2023
301,West Ham,25.0,38.0,534.0,301.0,273.0,199.0,62.0,240.0,557.0,43.0,317.0,420.0,175.0,245.0,374.0,908.0,781.0,5.0,Premier_League,2021_2022
302,Westerlo,,,,,,,,,,,,,,,,,,,,
302,Westerlo,,,,,,,,,,,,,,,,,,,,
303,Widzew Łódź,,,,,,,,,,,,,,,,,,,,
303,Widzew Łódź,,,,,,,,,,,,,,,,,,,,
304,Willem II,,,,,,,,,,,,,,,,,,,,
305,Wisła Kraków,,,,,,,,,,,,,,,,,,,,
306,Wisła Płock,,,,,,,,,,,,,,,,,,,,
306,Wisła Płock,,,,,,,,,,,,,,,,,,,,
307,Wolfsberger AC,,,,,,,,,,,,,,,,,,,,
307,Wolfsberger AC,,,,,,,,,,,,,,,,,,,,
307,Wolfsberger AC,,,,,,,,,,,,,,,,,,,,
308,Wolfsburg,28.0,34.0,543.0,324.0,255.0,206.0,82.0,265.0,521.0,50.0,256.0,443.0,116.0,327.0,292.0,835.0,701.0,9.0,Bundesliga,2022_2023
308,Wolfsburg,30.0,34.0,539.0,298.0,278.0,201.0,60.0,257.0,540.0,47.0,283.0,388.0,103.0,285.0,388.0,927.0,740.0,9.0,Bundesliga,2021_2022
308,Wolfsburg,28.0,34.0,550.0,303.0,272.0,201.0,77.0,262.0,527.0,49.0,265.0,414.0,99.0,315.0,268.0,818.0,801.0,8.0,Bundesliga,2023_2024
309,Wolves,27.0,38.0,739.0,430.0,415.0,247.0,77.0,312.0,607.0,51.0,295.0,506.0,173.0,333.0,284.0,1023.0,828.0,16.0,Premier_League,2023_2024
309,Wolves,32.0,38.0,660.0,370.0,363.0,222.0,75.0,285.0,616.0,46.0,331.0,497.0,175.0,322.0,279.0,939.0,817.0,19.0,Premier_League,2022_2023
309,Wolves,26.0,38.0,673.0,377.0,377.0,242.0,54.0,273.0,671.0,40.0,398.0,437.0,135.0,302.0,389.0,1062.0,820.0,20.0,Premier_League,2021_2022
310,Yeni Mal'spor,,,,,,,,,,,,,,,,,,,,
311,Zagłębie Lubin,,,,,,,,,,,,,,,,,,,,
311,Zagłębie Lubin,,,,,,,,,,,,,,,,,,,,
311,Zagłębie Lubin,,,,,,,,,,,,,,,,,,,,
312,Zulte Waregem,,,,,,,,,,,,,,,,,,,,
312,Zulte Waregem,,,,,,,,,,,,,,,,,,,,
313,Zwolle,,,,,,,,,,,,,,,,,,,,
313,Zwolle,,,,,,,,,,,,,,,,,,,,
314,Ümraniyespor,,,,,,,,,,,,,,,,,,,,
315,Čukarički,,,,,,,,,,,,,,,,,,,,
315,Čukarički,,,,,,,,,,,,,,,,,,,,
315,Čukarički,,,,,,,,,,,,,,,,,,,,
316,İstanbulspor,,,,,,,,,,,,,,,,,,,,
316,İstanbulspor,,,,,,,,,,,,,,,,,,,,
317,Łódzki KS,,,,,,,,,,,,,,,,,,,,
318,Śląsk Wrocław,,,,,,,,,,,,,,,,,,,,
318,Śląsk Wrocław,,,,,,,,,,,,,,,,,,,,
318,Śląsk Wrocław,,,,,,,,,,,,,,,,,,,,
