club_id,club,num_of_players,90s_played,yellow_cards,red_cards,second_yellow_card,fouls_committed,fouls_drawn,offsides,crosses,interceptions,tackles_won,penalty_kicks_won,penalty_kicks_conceded,own_goals,league,season,ball_recoveries,aerials_won,aerials_lost,%_of_aerials_won
1,AEK Athens,30,36,75,2,0,,,,,,,,,0,Super_League_Greece,2023_2024,,,,
1,AEK Athens,31,36,88,4,2,,,,,,,,,0,Super_League_Greece,2021_2022,,,,
1,AEK Athens,29,36,73,0,0,,,,,,,,,1,Super_League_Greece,2022_2023,,,,
2,AGF,28,32,63,3,1,380.0,314.0,39.0,685.0,273.0,320.0,,,0,Danish_Superliga,2022_2023,,,,
2,AGF,31,32,77,1,1,417.0,404.0,49.0,641.0,345.0,269.0,,,2,Danish_Superliga,2021_2022,,,,
2,AGF,30,32,68,3,1,376.0,374.0,33.0,635.0,246.0,272.0,,,0,Danish_Superliga,2023_2024,,,,
3,AO Kifisia,35,33,106,7,5,,,,,,,,,3,Super_League_Greece,2023_2024,,,,
4,AZ Alkmaar,29,34,51,1,0,342.0,298.0,57.0,572.0,315.0,320.0,3.0,5.0,0,Eredivisie,2022_2023,1944.0,482.0,487.0,49.0
4,AZ Alkmaar,28,34,52,1,0,343.0,284.0,75.0,658.0,337.0,319.0,6.0,0.0,0,Eredivisie,2021_2022,2084.0,585.0,580.0,50.0
4,AZ Alkmaar,33,34,47,2,0,363.0,303.0,56.0,562.0,269.0,333.0,1.0,4.0,1,Eredivisie,2023_2024,1701.0,419.0,508.0,45.0
5,Aalborg,30,32,55,0,0,315.0,327.0,62.0,600.0,316.0,360.0,,,1,Danish_Superliga,2022_2023,,,,
5,Aalborg,28,32,74,4,2,377.0,297.0,62.0,671.0,350.0,330.0,,,0,Danish_Superliga,2021_2022,,,,
6,Adana Demirspor,44,38,81,8,4,422.0,509.0,70.0,607.0,318.0,393.0,,,2,Super_Lig,2023_2024,,,,
6,Adana Demirspor,34,38,63,2,0,457.0,435.0,72.0,627.0,367.0,304.0,,,3,Super_Lig,2021_2022,,,,
6,Adana Demirspor,36,34,69,7,2,382.0,472.0,82.0,490.0,313.0,307.0,,,0,Super_Lig,2022_2023,,,,
7,Admira,29,32,82,4,3,467.0,486.0,70.0,490.0,443.0,322.0,,,0,Austrian_Bundesliga,2021_2022,,,,
8,Ajaccio,36,38,86,10,2,541.0,495.0,63.0,631.0,420.0,382.0,8.0,10.0,2,Ligue_1,2022_2023,2053.0,602.0,711.0,45.0
9,Ajax,30,34,46,1,0,313.0,353.0,74.0,756.0,259.0,348.0,3.0,1.0,0,Eredivisie,2022_2023,1981.0,409.0,376.0,52.0
9,Ajax,30,34,35,1,1,288.0,337.0,71.0,813.0,328.0,336.0,7.0,0.0,0,Eredivisie,2021_2022,2208.0,609.0,407.0,59.0
9,Ajax,35,34,44,3,0,282.0,347.0,51.0,612.0,293.0,316.0,4.0,3.0,1,Eredivisie,2023_2024,1691.0,466.0,402.0,53.0
10,Alanyaspor,25,38,87,4,2,427.0,461.0,80.0,670.0,295.0,355.0,,,1,Super_Lig,2023_2024,,,,
10,Alanyaspor,32,38,71,5,2,430.0,439.0,55.0,704.0,338.0,331.0,,,2,Super_Lig,2021_2022,,,,
10,Alanyaspor,29,34,73,3,0,486.0,342.0,66.0,646.0,254.0,320.0,,,1,Super_Lig,2022_2023,,,,
11,Alavés,33,38,93,4,3,529.0,455.0,72.0,758.0,376.0,324.0,6.0,9.0,0,La_Liga,2021_2022,1910.0,869.0,674.0,56.0
11,Alavés,30,38,84,1,0,481.0,449.0,69.0,830.0,279.0,347.0,7.0,8.0,2,La_Liga,2023_2024,1807.0,574.0,625.0,47.0
12,Almere City,29,34,69,3,1,488.0,315.0,51.0,569.0,328.0,378.0,3.0,4.0,1,Eredivisie,2023_2024,1947.0,725.0,877.0,45.0
13,Almería,29,38,98,4,2,443.0,401.0,83.0,605.0,322.0,322.0,2.0,6.0,1,La_Liga,2022_2023,1890.0,482.0,530.0,47.0
13,Almería,35,38,93,6,4,478.0,493.0,75.0,659.0,313.0,372.0,2.0,9.0,0,La_Liga,2023_2024,1716.0,557.0,587.0,48.0
14,Altay,30,38,84,4,4,547.0,412.0,58.0,651.0,439.0,383.0,,,1,Super_Lig,2021_2022,,,,
15,Anderlecht,32,30,54,2,0,328.0,359.0,54.0,523.0,282.0,320.0,6.0,4.0,0,Belgian_Pro_League,2023_2024,1672.0,371.0,390.0,48.0
15,Anderlecht,25,34,55,6,0,315.0,362.0,65.0,612.0,345.0,362.0,7.0,3.0,0,Belgian_Pro_League,2021_2022,1816.0,380.0,369.0,50.0
15,Anderlecht,33,34,65,5,2,378.0,414.0,80.0,519.0,294.0,364.0,4.0,2.0,3,Belgian_Pro_League,2022_2023,1804.0,368.0,349.0,51.0
16,Angers,33,38,69,5,3,492.0,422.0,47.0,584.0,375.0,386.0,4.0,11.0,4,Ligue_1,2022_2023,2025.0,436.0,441.0,49.0
16,Angers,30,38,70,4,3,471.0,461.0,46.0,572.0,423.0,370.0,7.0,5.0,3,Ligue_1,2021_2022,2051.0,408.0,509.0,44.0
17,Ankaragücü,31,38,67,3,1,426.0,389.0,62.0,572.0,358.0,353.0,,,1,Super_Lig,2023_2024,,,,
17,Ankaragücü,40,35,68,2,1,443.0,406.0,80.0,652.0,323.0,374.0,,,1,Super_Lig,2022_2023,,,,
18,Antalyaspor,27,38,78,4,1,471.0,485.0,34.0,747.0,375.0,358.0,,,0,Super_Lig,2023_2024,,,,
18,Antalyaspor,31,38,79,1,1,469.0,428.0,81.0,619.0,420.0,364.0,,,0,Super_Lig,2021_2022,,,,
18,Antalyaspor,34,35,67,6,0,439.0,406.0,78.0,586.0,343.0,418.0,,,2,Super_Lig,2022_2023,,,,
19,Antwerp,27,30,44,1,1,294.0,313.0,52.0,557.0,277.0,336.0,8.0,5.0,1,Belgian_Pro_League,2023_2024,1601.0,354.0,412.0,46.0
19,Antwerp,31,34,73,6,1,330.0,360.0,55.0,628.0,397.0,361.0,2.0,3.0,1,Belgian_Pro_League,2021_2022,1731.0,560.0,540.0,50.0
19,Antwerp,32,34,55,1,0,382.0,393.0,79.0,473.0,352.0,421.0,6.0,3.0,0,Belgian_Pro_League,2022_2023,1911.0,399.0,393.0,50.0
20,Apollon Smyrnis,34,33,89,8,3,,,,,,,,,2,Super_League_Greece,2021_2022,,,,
21,Arda,30,36,100,5,4,,,,,,,,,1,Bulgarian_First_League,2022_2023,,,,
21,Arda,28,36,92,4,1,,,,,,,,,0,Bulgarian_First_League,2023_2024,,,,
21,Arda,30,32,81,2,2,,,,,,,,,1,Bulgarian_First_League,2021_2022,,,,
22,Aris,33,36,95,0,0,,,,,,,,,2,Super_League_Greece,2023_2024,,,,
22,Aris,29,36,80,2,1,,,,,,,,,1,Super_League_Greece,2021_2022,,,,
22,Aris,28,36,82,6,4,,,,,,,,,0,Super_League_Greece,2022_2023,,,,
23,Arminia,26,34,55,2,1,433.0,307.0,54.0,487.0,421.0,311.0,2.0,7.0,2,Bundesliga,2021_2022,1907.0,658.0,734.0,47.0
24,Arouca,31,34,83,6,2,459.0,397.0,55.0,523.0,262.0,339.0,4.0,9.0,1,Primeira_Liga,2023_2024,1611.0,382.0,380.0,50.0
24,Arouca,35,34,97,6,3,520.0,500.0,51.0,639.0,355.0,308.0,3.0,6.0,2,Primeira_Liga,2021_2022,1785.0,545.0,580.0,48.0
24,Arouca,29,34,79,4,0,474.0,392.0,52.0,427.0,355.0,342.0,5.0,10.0,1,Primeira_Liga,2022_2023,1811.0,457.0,476.0,49.0
25,Arsenal,25,38,64,2,1,391.0,394.0,87.0,670.0,292.0,348.0,9.0,3.0,1,Premier_League,2023_2024,1752.0,503.0,499.0,50.0
25,Arsenal,26,38,51,0,0,373.0,435.0,56.0,674.0,237.0,343.0,3.0,5.0,1,Premier_League,2022_2023,1984.0,486.0,559.0,46.0
25,Arsenal,27,38,67,4,3,365.0,357.0,66.0,633.0,296.0,311.0,6.0,6.0,1,Premier_League,2021_2022,1861.0,463.0,572.0,44.0
26,Asteras Tripoli,33,33,94,6,6,,,,,,,,,3,Super_League_Greece,2023_2024,,,,
26,Asteras Tripoli,27,33,79,5,1,,,,,,,,,1,Super_League_Greece,2021_2022,,,,
26,Asteras Tripoli,33,33,88,4,3,,,,,,,,,1,Super_League_Greece,2022_2023,,,,
27,Aston Villa,31,38,94,2,0,412.0,473.0,47.0,651.0,236.0,311.0,4.0,2.0,4,Premier_League,2023_2024,1619.0,334.0,363.0,47.0
27,Aston Villa,26,38,80,1,0,417.0,498.0,58.0,561.0,324.0,338.0,4.0,6.0,4,Premier_League,2022_2023,1847.0,442.0,465.0,48.0
27,Aston Villa,31,38,81,2,1,401.0,504.0,52.0,670.0,339.0,382.0,2.0,6.0,2,Premier_League,2021_2022,1850.0,538.0,561.0,49.0
28,Atalanta,27,38,83,3,1,470.0,385.0,58.0,652.0,421.0,364.0,6.0,3.0,2,Serie_A,2022_2023,2234.0,575.0,483.0,54.0
28,Atalanta,29,38,76,1,1,486.0,367.0,63.0,710.0,340.0,369.0,4.0,9.0,1,Serie_A,2023_2024,2023.0,627.0,491.0,56.0
28,Atalanta,32,38,87,2,1,513.0,454.0,68.0,661.0,441.0,341.0,3.0,6.0,3,Serie_A,2021_2022,2292.0,685.0,518.0,56.0
29,Athletic Club,26,38,90,4,3,487.0,483.0,89.0,798.0,339.0,292.0,5.0,3.0,1,La_Liga,2021_2022,2098.0,585.0,572.0,50.0
29,Athletic Club,26,38,81,5,1,512.0,421.0,96.0,918.0,310.0,369.0,3.0,3.0,3,La_Liga,2022_2023,2194.0,532.0,487.0,52.0
29,Athletic Club,27,38,80,5,3,511.0,428.0,78.0,845.0,278.0,362.0,4.0,5.0,4,La_Liga,2023_2024,2010.0,541.0,525.0,50.0
30,Atlético Madrid,26,38,111,7,3,473.0,503.0,85.0,703.0,365.0,346.0,4.0,8.0,3,La_Liga,2021_2022,2002.0,559.0,539.0,50.0
30,Atlético Madrid,27,38,92,8,3,440.0,418.0,79.0,625.0,304.0,408.0,0.0,5.0,0,La_Liga,2022_2023,1977.0,445.0,399.0,52.0
30,Atlético Madrid,27,38,89,5,3,438.0,447.0,123.0,621.0,256.0,399.0,4.0,2.0,0,La_Liga,2023_2024,1896.0,422.0,392.0,51.0
31,Atromitos,27,33,95,7,3,,,,,,,,,1,Super_League_Greece,2023_2024,,,,
31,Atromitos,31,33,65,4,2,,,,,,,,,1,Super_League_Greece,2021_2022,,,,
31,Atromitos,26,33,75,3,2,,,,,,,,,0,Super_League_Greece,2022_2023,,,,
32,Augsburg,34,34,96,5,2,433.0,356.0,58.0,548.0,286.0,299.0,3.0,4.0,2,Bundesliga,2022_2023,1792.0,640.0,777.0,45.0
32,Augsburg,26,34,74,0,0,448.0,357.0,73.0,592.0,363.0,335.0,4.0,5.0,2,Bundesliga,2021_2022,1927.0,557.0,604.0,48.0
32,Augsburg,29,34,71,3,1,454.0,338.0,81.0,631.0,295.0,319.0,5.0,10.0,2,Bundesliga,2023_2024,1669.0,587.0,602.0,49.0
33,Austria Wien,29,32,61,2,1,414.0,419.0,68.0,591.0,460.0,326.0,,,1,Austrian_Bundesliga,2022_2023,,,,
33,Austria Wien,26,32,70,2,2,389.0,366.0,64.0,583.0,439.0,339.0,,,0,Austrian_Bundesliga,2021_2022,,,,
33,Austria Wien,28,32,88,9,4,402.0,409.0,63.0,611.0,389.0,333.0,,,0,Austrian_Bundesliga,2023_2024,,,,
34,Auxerre,33,38,54,6,4,462.0,419.0,48.0,617.0,454.0,378.0,6.0,6.0,1,Ligue_1,2022_2023,2078.0,487.0,566.0,46.0
35,B-SAD,37,34,118,11,3,546.0,524.0,66.0,538.0,334.0,269.0,3.0,7.0,1,Primeira_Liga,2021_2022,1629.0,518.0,550.0,48.0
36,Barcelona,38,38,97,5,3,499.0,489.0,99.0,798.0,325.0,331.0,6.0,3.0,0,La_Liga,2021_2022,2066.0,454.0,410.0,52.0
36,Barcelona,29,38,84,6,3,433.0,452.0,98.0,744.0,253.0,324.0,0.0,3.0,3,La_Liga,2022_2023,1995.0,467.0,359.0,56.0
36,Barcelona,29,38,87,2,1,412.0,469.0,99.0,651.0,257.0,363.0,6.0,2.0,0,La_Liga,2023_2024,1789.0,453.0,399.0,53.0
37,Bayern Munich,28,34,49,3,2,306.0,335.0,84.0,603.0,287.0,387.0,5.0,10.0,0,Bundesliga,2022_2023,2085.0,471.0,381.0,55.0
37,Bayern Munich,30,34,36,2,0,305.0,354.0,76.0,656.0,349.0,338.0,1.0,2.0,1,Bundesliga,2021_2022,2220.0,422.0,394.0,51.0
37,Bayern Munich,30,34,47,2,1,304.0,306.0,60.0,655.0,288.0,323.0,2.0,4.0,0,Bundesliga,2023_2024,1768.0,410.0,319.0,56.0
38,Başakşehir,35,38,84,5,4,499.0,479.0,91.0,574.0,326.0,325.0,,,2,Super_Lig,2023_2024,,,,
38,Başakşehir,33,38,73,2,2,472.0,351.0,67.0,596.0,333.0,307.0,,,0,Super_Lig,2021_2022,,,,
38,Başakşehir,38,34,73,6,3,418.0,393.0,78.0,512.0,265.0,301.0,,,2,Super_Lig,2022_2023,,,,
39,Beerschot,33,34,81,9,3,395.0,382.0,55.0,550.0,425.0,419.0,3.0,7.0,2,Belgian_Pro_League,2021_2022,1690.0,537.0,555.0,49.0
40,Benfica,34,34,67,3,2,391.0,392.0,76.0,675.0,298.0,420.0,5.0,7.0,0,Primeira_Liga,2023_2024,1929.0,382.0,358.0,51.0
40,Benfica,35,34,81,3,1,493.0,445.0,82.0,696.0,319.0,339.0,3.0,2.0,1,Primeira_Liga,2021_2022,1752.0,444.0,378.0,54.0
40,Benfica,32,34,65,3,3,437.0,424.0,84.0,807.0,364.0,395.0,10.0,2.0,1,Primeira_Liga,2022_2023,2028.0,445.0,378.0,54.0
41,Beroe,38,35,110,6,3,,,,,,,,,0,Bulgarian_First_League,2022_2023,,,,
41,Beroe,40,35,110,8,3,,,,,,,,,0,Bulgarian_First_League,2023_2024,,,,
41,Beroe,28,32,82,5,3,,,,,,,,,0,Bulgarian_First_League,2021_2022,,,,
42,Betis,31,38,87,6,1,485.0,470.0,71.0,547.0,361.0,392.0,4.0,3.0,2,La_Liga,2021_2022,1908.0,505.0,511.0,49.0
42,Betis,30,38,83,15,3,414.0,535.0,74.0,514.0,364.0,421.0,4.0,3.0,1,La_Liga,2022_2023,1918.0,453.0,502.0,47.0
42,Betis,35,38,87,3,1,429.0,497.0,73.0,636.0,345.0,440.0,1.0,8.0,3,La_Liga,2023_2024,1921.0,479.0,500.0,48.0
43,Beşiktaş,37,38,92,4,1,519.0,458.0,54.0,748.0,359.0,370.0,,,1,Super_Lig,2023_2024,,,,
43,Beşiktaş,29,38,105,10,7,536.0,465.0,99.0,741.0,483.0,387.0,,,1,Super_Lig,2021_2022,,,,
43,Beşiktaş,35,34,81,4,3,524.0,404.0,62.0,758.0,310.0,407.0,,,3,Super_Lig,2022_2023,,,,
44,Blau-Weiß Linz,25,32,69,1,0,382.0,359.0,52.0,486.0,335.0,338.0,,,1,Austrian_Bundesliga,2023_2024,,,,
45,Boavista,23,34,105,8,6,498.0,452.0,68.0,681.0,273.0,343.0,4.0,6.0,1,Primeira_Liga,2023_2024,1600.0,444.0,427.0,51.0
45,Boavista,28,34,120,10,5,508.0,467.0,61.0,487.0,379.0,337.0,2.0,7.0,1,Primeira_Liga,2021_2022,1759.0,483.0,475.0,50.0
45,Boavista,30,34,107,7,3,498.0,432.0,66.0,661.0,362.0,333.0,4.0,7.0,2,Primeira_Liga,2022_2023,1788.0,367.0,480.0,43.0
46,Bochum,26,34,64,1,0,429.0,354.0,66.0,568.0,337.0,386.0,3.0,14.0,3,Bundesliga,2022_2023,1991.0,770.0,737.0,51.0
46,Bochum,28,34,55,2,0,424.0,391.0,75.0,600.0,429.0,353.0,4.0,8.0,4,Bundesliga,2021_2022,2088.0,609.0,599.0,50.0
46,Bochum,25,34,97,2,0,446.0,409.0,83.0,649.0,308.0,366.0,4.0,11.0,4,Bundesliga,2023_2024,1808.0,815.0,816.0,50.0
47,Bologna,27,38,84,3,2,477.0,426.0,77.0,558.0,302.0,373.0,5.0,9.0,3,Serie_A,2022_2023,2080.0,369.0,447.0,45.0
47,Bologna,28,38,85,2,2,458.0,456.0,55.0,510.0,258.0,385.0,3.0,7.0,1,Serie_A,2023_2024,1769.0,416.0,413.0,50.0
47,Bologna,36,38,92,7,4,443.0,497.0,56.0,601.0,370.0,298.0,3.0,9.0,2,Serie_A,2021_2022,1972.0,492.0,520.0,48.0
48,Bordeaux,39,38,91,5,2,460.0,391.0,58.0,611.0,454.0,377.0,2.0,9.0,3,Ligue_1,2021_2022,2134.0,488.0,506.0,49.0
49,Botev Plovdiv,44,36,98,7,4,,,,,,,,,4,Bulgarian_First_League,2022_2023,,,,
49,Botev Plovdiv,46,36,97,3,2,,,,,,,,,1,Bulgarian_First_League,2023_2024,,,,
49,Botev Plovdiv,30,31,66,2,1,,,,,,,,,1,Bulgarian_First_League,2021_2022,,,,
50,Botev Vratsa,32,35,101,6,3,,,,,,,,,2,Bulgarian_First_League,2022_2023,,,,
50,Botev Vratsa,31,35,105,5,2,,,,,,,,,2,Bulgarian_First_League,2023_2024,,,,
50,Botev Vratsa,37,32,95,7,4,,,,,,,,,0,Bulgarian_First_League,2021_2022,,,,
51,Bournemouth,30,38,79,3,0,507.0,376.0,56.0,709.0,357.0,410.0,3.0,7.0,1,Premier_League,2023_2024,2013.0,582.0,671.0,46.0
51,Bournemouth,31,38,68,0,0,391.0,365.0,38.0,509.0,353.0,371.0,0.0,7.0,3,Premier_League,2022_2023,1942.0,521.0,539.0,49.0
52,Braga,25,34,80,4,2,410.0,385.0,62.0,750.0,310.0,313.0,3.0,7.0,2,Primeira_Liga,2023_2024,1685.0,461.0,456.0,50.0
52,Braga,40,34,83,5,1,489.0,397.0,57.0,533.0,336.0,284.0,4.0,2.0,1,Primeira_Liga,2021_2022,1894.0,511.0,517.0,49.0
52,Braga,31,34,87,6,3,431.0,398.0,60.0,702.0,374.0,314.0,4.0,5.0,0,Primeira_Liga,2022_2023,1860.0,442.0,408.0,52.0
53,Brentford,28,38,89,2,0,385.0,419.0,70.0,706.0,378.0,399.0,3.0,2.0,0,Premier_League,2023_2024,1892.0,632.0,607.0,51.0
53,Brentford,25,38,57,1,1,354.0,399.0,72.0,661.0,341.0,338.0,7.0,2.0,3,Premier_League,2022_2023,1959.0,664.0,617.0,51.0
53,Brentford,29,38,65,3,2,371.0,363.0,66.0,640.0,393.0,342.0,6.0,5.0,2,Premier_League,2021_2022,2061.0,717.0,728.0,49.0
54,Brest,29,38,63,2,0,499.0,462.0,59.0,755.0,475.0,417.0,7.0,9.0,2,Ligue_1,2022_2023,2115.0,633.0,569.0,52.0
54,Brest,25,34,84,5,2,414.0,422.0,34.0,792.0,321.0,427.0,2.0,3.0,0,Ligue_1,2023_2024,1910.0,598.0,509.0,54.0
54,Brest,25,38,59,2,0,427.0,417.0,47.0,710.0,469.0,400.0,4.0,4.0,2,Ligue_1,2021_2022,2006.0,618.0,540.0,53.0
55,Brighton,30,38,90,3,0,414.0,454.0,84.0,671.0,288.0,366.0,6.0,6.0,2,Premier_League,2023_2024,1751.0,406.0,345.0,54.0
55,Brighton,29,38,58,0,0,427.0,407.0,70.0,694.0,303.0,340.0,4.0,8.0,6,Premier_League,2022_2023,2013.0,444.0,387.0,53.0
55,Brighton,26,38,72,2,0,393.0,355.0,53.0,728.0,358.0,403.0,4.0,4.0,0,Premier_League,2021_2022,2154.0,569.0,498.0,53.0
56,Bruk-Bet Termalica Nieciecza,38,34,81,1,0,,,,,,,,,2,Ekstraklasa,2021_2022,,,,
57,Brøndby,30,32,64,4,2,333.0,292.0,58.0,561.0,288.0,323.0,,,1,Danish_Superliga,2022_2023,,,,
57,Brøndby,33,32,56,3,0,299.0,310.0,53.0,591.0,338.0,353.0,,,0,Danish_Superliga,2021_2022,,,,
57,Brøndby,31,32,55,3,0,363.0,297.0,48.0,575.0,280.0,365.0,,,1,Danish_Superliga,2023_2024,,,,
58,Burnley,31,38,77,7,3,429.0,353.0,76.0,550.0,280.0,342.0,3.0,7.0,3,Premier_League,2023_2024,1727.0,561.0,696.0,44.0
58,Burnley,23,38,68,2,0,394.0,332.0,101.0,747.0,410.0,324.0,2.0,5.0,2,Premier_League,2021_2022,2027.0,827.0,733.0,53.0
59,CSKA 1948,34,35,96,7,3,,,,,,,,,2,Bulgarian_First_League,2022_2023,,,,
59,CSKA 1948,41,36,83,7,2,,,,,,,,,0,Bulgarian_First_League,2023_2024,,,,
59,CSKA 1948,41,32,85,8,6,,,,,,,,,3,Bulgarian_First_League,2021_2022,,,,
60,CSKA Sofia,30,35,112,4,2,,,,,,,,,0,Bulgarian_First_League,2022_2023,,,,
60,CSKA Sofia,34,35,89,4,0,,,,,,,,,1,Bulgarian_First_League,2023_2024,,,,
60,CSKA Sofia,31,31,86,6,4,,,,,,,,,0,Bulgarian_First_League,2021_2022,,,,
61,Cagliari,29,38,77,4,2,464.0,418.0,64.0,852.0,265.0,315.0,3.0,5.0,3,Serie_A,2023_2024,1774.0,571.0,613.0,48.0
61,Cagliari,33,38,96,5,3,549.0,490.0,70.0,675.0,397.0,303.0,3.0,10.0,1,Serie_A,2021_2022,1995.0,696.0,742.0,48.0
62,Cambuur,31,34,49,4,1,360.0,314.0,46.0,657.0,293.0,353.0,2.0,7.0,3,Eredivisie,2022_2023,1750.0,449.0,553.0,44.0
62,Cambuur,27,34,54,3,2,334.0,343.0,49.0,401.0,331.0,314.0,5.0,2.0,1,Eredivisie,2021_2022,1796.0,476.0,569.0,45.0
63,Casa Pia,32,34,76,4,2,478.0,407.0,67.0,515.0,286.0,331.0,4.0,1.0,0,Primeira_Liga,2023_2024,1585.0,341.0,423.0,44.0
63,Casa Pia,31,34,99,6,4,485.0,446.0,70.0,585.0,350.0,318.0,2.0,7.0,2,Primeira_Liga,2022_2023,1960.0,379.0,437.0,46.0
64,Celta Vigo,25,38,87,3,1,507.0,463.0,83.0,768.0,376.0,409.0,3.0,8.0,2,La_Liga,2021_2022,2144.0,603.0,696.0,46.0
64,Celta Vigo,26,38,85,6,3,469.0,493.0,81.0,705.0,368.0,413.0,2.0,8.0,1,La_Liga,2022_2023,2031.0,458.0,539.0,45.0
64,Celta Vigo,31,38,66,5,2,463.0,485.0,63.0,661.0,297.0,382.0,4.0,8.0,3,La_Liga,2023_2024,1908.0,522.0,548.0,48.0
65,Cercle Brugge,27,30,66,3,2,391.0,355.0,73.0,595.0,327.0,403.0,0.0,1.0,2,Belgian_Pro_League,2023_2024,1913.0,848.0,895.0,48.0
65,Cercle Brugge,25,34,79,4,3,488.0,407.0,84.0,644.0,381.0,440.0,5.0,2.0,1,Belgian_Pro_League,2021_2022,1990.0,669.0,711.0,48.0
65,Cercle Brugge,27,34,71,4,3,465.0,374.0,71.0,616.0,400.0,410.0,5.0,15.0,2,Belgian_Pro_League,2022_2023,2074.0,850.0,792.0,51.0
66,Charleroi,30,30,58,4,1,359.0,297.0,61.0,554.0,336.0,368.0,3.0,5.0,1,Belgian_Pro_League,2023_2024,1687.0,512.0,556.0,47.0
66,Charleroi,34,34,55,1,1,341.0,335.0,67.0,534.0,386.0,388.0,0.0,4.0,3,Belgian_Pro_League,2021_2022,1916.0,469.0,413.0,53.0
66,Charleroi,29,34,74,3,1,397.0,296.0,52.0,571.0,427.0,420.0,2.0,3.0,2,Belgian_Pro_League,2022_2023,2028.0,496.0,485.0,50.0
67,Chaves,31,34,103,9,5,457.0,495.0,57.0,646.0,294.0,282.0,4.0,8.0,0,Primeira_Liga,2023_2024,1535.0,482.0,491.0,49.0
67,Chaves,31,34,110,10,6,448.0,471.0,55.0,603.0,336.0,303.0,9.0,10.0,0,Primeira_Liga,2022_2023,1726.0,403.0,417.0,49.0
68,Chelsea,32,38,109,4,2,446.0,451.0,85.0,558.0,298.0,376.0,11.0,5.0,3,Premier_League,2023_2024,1846.0,440.0,402.0,52.0
68,Chelsea,32,38,81,3,2,397.0,462.0,74.0,693.0,341.0,445.0,3.0,1.0,3,Premier_League,2022_2023,2024.0,493.0,453.0,52.0
68,Chelsea,26,38,63,1,0,409.0,392.0,69.0,745.0,347.0,348.0,8.0,6.0,1,Premier_League,2021_2022,2084.0,538.0,486.0,52.0
69,Cherno More,31,35,88,2,1,,,,,,,,,1,Bulgarian_First_League,2022_2023,,,,
69,Cherno More,29,35,73,3,2,,,,,,,,,0,Bulgarian_First_League,2023_2024,,,,
69,Cherno More,31,31,79,5,3,,,,,,,,,4,Bulgarian_First_League,2021_2022,,,,
70,Clermont Foot,28,38,72,5,2,426.0,592.0,52.0,564.0,440.0,398.0,7.0,12.0,0,Ligue_1,2022_2023,2051.0,410.0,427.0,49.0
70,Clermont Foot,31,34,60,7,1,396.0,429.0,51.0,551.0,347.0,358.0,7.0,9.0,1,Ligue_1,2023_2024,1695.0,393.0,414.0,48.0
70,Clermont Foot,28,38,65,8,3,387.0,482.0,53.0,713.0,386.0,361.0,2.0,5.0,3,Ligue_1,2021_2022,2137.0,432.0,466.0,48.0
71,Club Brugge,29,30,58,3,3,323.0,312.0,49.0,687.0,263.0,320.0,7.0,3.0,0,Belgian_Pro_League,2023_2024,1644.0,481.0,374.0,56.0
71,Club Brugge,31,34,60,8,6,354.0,386.0,65.0,698.0,391.0,362.0,1.0,3.0,1,Belgian_Pro_League,2021_2022,1923.0,504.0,388.0,56.0
71,Club Brugge,32,34,68,2,1,356.0,400.0,63.0,647.0,377.0,314.0,8.0,3.0,2,Belgian_Pro_League,2022_2023,1926.0,451.0,406.0,52.0
72,Cracovia,33,34,75,2,2,,,,,,,,,0,Ekstraklasa,2021_2022,,,,
72,Cracovia,31,34,73,3,2,,,,,,,,,1,Ekstraklasa,2022_2023,,,,
72,Cracovia,29,34,70,3,1,,,,,,,,,3,Ekstraklasa,2023_2024,,,,
73,Cremonese,33,38,81,3,0,458.0,407.0,68.0,659.0,393.0,400.0,5.0,5.0,1,Serie_A,2022_2023,2059.0,562.0,730.0,43.0
74,Crystal Palace,26,38,73,2,2,457.0,427.0,72.0,583.0,323.0,464.0,4.0,3.0,2,Premier_League,2023_2024,1909.0,553.0,555.0,49.0
74,Crystal Palace,26,38,82,3,2,446.0,479.0,58.0,591.0,359.0,421.0,2.0,4.0,3,Premier_League,2022_2023,2093.0,496.0,578.0,46.0
74,Crystal Palace,24,38,69,1,1,414.0,481.0,63.0,643.0,333.0,374.0,6.0,4.0,2,Premier_League,2021_2022,2103.0,610.0,618.0,49.0
75,Cádiz,33,38,105,3,3,488.0,449.0,69.0,865.0,413.0,380.0,5.0,13.0,0,La_Liga,2021_2022,2077.0,601.0,693.0,46.0
75,Cádiz,38,38,116,7,4,532.0,482.0,75.0,633.0,270.0,410.0,2.0,10.0,0,La_Liga,2022_2023,1953.0,606.0,651.0,48.0
75,Cádiz,34,38,107,7,0,576.0,498.0,90.0,791.0,298.0,398.0,2.0,2.0,1,La_Liga,2023_2024,1831.0,632.0,673.0,48.0
76,Darmstadt 98,32,34,83,4,0,429.0,351.0,57.0,514.0,317.0,323.0,2.0,2.0,2,Bundesliga,2023_2024,1502.0,510.0,569.0,47.0
77,Dortmund,30,34,66,0,0,322.0,407.0,41.0,677.0,298.0,334.0,6.0,1.0,1,Bundesliga,2022_2023,1958.0,425.0,364.0,53.0
77,Dortmund,33,34,63,1,1,362.0,398.0,73.0,491.0,347.0,322.0,6.0,6.0,2,Bundesliga,2021_2022,2052.0,419.0,363.0,53.0
77,Dortmund,32,34,59,4,2,315.0,391.0,44.0,522.0,251.0,356.0,5.0,6.0,2,Bundesliga,2023_2024,1763.0,390.0,426.0,47.0
78,Eint Frankfurt,28,34,71,1,1,429.0,377.0,70.0,616.0,284.0,357.0,6.0,2.0,1,Bundesliga,2022_2023,2088.0,467.0,555.0,45.0
78,Eint Frankfurt,27,34,61,1,1,422.0,299.0,53.0,697.0,377.0,330.0,1.0,4.0,1,Bundesliga,2021_2022,2251.0,552.0,644.0,46.0
78,Eint Frankfurt,34,34,70,5,4,355.0,318.0,51.0,557.0,302.0,359.0,2.0,11.0,0,Bundesliga,2023_2024,1792.0,477.0,525.0,47.0
79,Elche,28,38,104,6,1,518.0,471.0,74.0,720.0,305.0,325.0,1.0,10.0,0,La_Liga,2021_2022,1982.0,527.0,515.0,50.0
79,Elche,32,38,99,12,3,525.0,394.0,81.0,750.0,323.0,363.0,4.0,10.0,2,La_Liga,2022_2023,1924.0,484.0,465.0,51.0
80,Emmen,30,34,43,2,2,323.0,363.0,44.0,589.0,311.0,362.0,1.0,2.0,1,Eredivisie,2022_2023,1919.0,456.0,515.0,47.0
81,Empoli,32,38,88,7,3,441.0,459.0,54.0,611.0,280.0,364.0,2.0,6.0,1,Serie_A,2022_2023,1815.0,434.0,519.0,45.0
81,Empoli,34,38,88,1,1,524.0,514.0,82.0,672.0,263.0,378.0,4.0,8.0,1,Serie_A,2023_2024,1623.0,509.0,628.0,44.0
81,Empoli,28,38,87,5,3,506.0,463.0,83.0,704.0,352.0,327.0,6.0,10.0,6,Serie_A,2021_2022,1998.0,427.0,549.0,43.0
82,Espanyol,34,38,99,7,3,440.0,516.0,70.0,627.0,326.0,338.0,3.0,5.0,2,La_Liga,2021_2022,1736.0,447.0,574.0,43.0
82,Espanyol,33,38,99,10,4,457.0,493.0,62.0,713.0,338.0,379.0,3.0,6.0,2,La_Liga,2022_2023,1791.0,647.0,596.0,52.0
83,Estoril,31,34,77,5,0,459.0,412.0,54.0,548.0,269.0,335.0,0.0,3.0,3,Primeira_Liga,2023_2024,1489.0,367.0,478.0,43.0
83,Estoril,31,34,101,8,3,493.0,476.0,78.0,609.0,298.0,252.0,5.0,5.0,2,Primeira_Liga,2021_2022,1533.0,425.0,433.0,49.0
83,Estoril,33,34,99,5,4,495.0,535.0,46.0,576.0,250.0,316.0,1.0,14.0,1,Primeira_Liga,2022_2023,1604.0,389.0,440.0,46.0
84,Estrela,34,34,76,7,3,419.0,419.0,81.0,634.0,281.0,381.0,0.0,4.0,1,Primeira_Liga,2023_2024,1685.0,527.0,490.0,51.0
85,Etar,41,35,93,11,5,,,,,,,,,3,Bulgarian_First_League,2023_2024,,,,
86,Eupen,26,30,56,2,1,392.0,306.0,74.0,481.0,320.0,342.0,1.0,6.0,4,Belgian_Pro_League,2023_2024,1520.0,376.0,487.0,43.0
86,Eupen,34,34,79,2,1,383.0,321.0,58.0,560.0,408.0,372.0,0.0,11.0,1,Belgian_Pro_League,2021_2022,1855.0,387.0,427.0,47.0
86,Eupen,30,34,73,6,3,432.0,359.0,81.0,481.0,389.0,393.0,6.0,11.0,3,Belgian_Pro_League,2022_2023,1890.0,372.0,520.0,41.0
87,Everton,26,38,82,1,1,457.0,361.0,89.0,752.0,358.0,442.0,2.0,8.0,3,Premier_League,2023_2024,1970.0,676.0,577.0,54.0
87,Everton,28,38,81,2,1,396.0,382.0,64.0,704.0,390.0,424.0,3.0,6.0,0,Premier_League,2022_2023,2049.0,582.0,613.0,48.0
87,Everton,33,38,82,6,2,368.0,388.0,53.0,653.0,365.0,402.0,7.0,2.0,5,Premier_League,2021_2022,2023.0,634.0,725.0,46.0
88,Excelsior,28,34,49,1,1,334.0,288.0,38.0,557.0,370.0,384.0,2.0,1.0,2,Eredivisie,2022_2023,1885.0,480.0,538.0,47.0
88,Excelsior,27,34,51,4,1,279.0,273.0,42.0,547.0,351.0,373.0,1.0,2.0,1,Eredivisie,2023_2024,1640.0,488.0,538.0,47.0
89,FC Copenhagen,32,32,80,1,1,272.0,324.0,45.0,575.0,332.0,296.0,,,0,Danish_Superliga,2022_2023,,,,
89,FC Copenhagen,35,32,67,2,1,282.0,310.0,58.0,503.0,390.0,321.0,,,1,Danish_Superliga,2021_2022,,,,
89,FC Copenhagen,28,32,54,1,1,330.0,315.0,54.0,653.0,267.0,316.0,,,1,Danish_Superliga,2023_2024,,,,
90,FC Spartak Varna,40,35,86,3,0,,,,,,,,,2,Bulgarian_First_League,2022_2023,,,,
91,FK IMT Novi Beograd,38,37,89,3,3,,,,,,,,,1,Serbian_SuperLiga,2023_2024,,,,
92,FK Kolubara,35,37,94,2,1,,,,,,,,,1,Serbian_SuperLiga,2021_2022,,,,
92,FK Kolubara,39,37,93,8,4,,,,,,,,,1,Serbian_SuperLiga,2022_2023,,,,
93,FK Levski 2005,32,35,99,2,1,,,,,,,,,1,Bulgarian_First_League,2023_2024,,,,
94,FK Mladost Novi Sad,39,37,87,3,2,,,,,,,,,1,Serbian_SuperLiga,2022_2023,,,,
95,FK Železničar Pančevo,36,37,68,1,0,,,,,,,,,1,Serbian_SuperLiga,2023_2024,,,,
96,Famalicão,27,34,104,9,3,513.0,551.0,77.0,697.0,299.0,360.0,4.0,8.0,2,Primeira_Liga,2023_2024,1546.0,550.0,449.0,55.0
96,Famalicão,37,34,104,5,3,511.0,524.0,76.0,592.0,404.0,334.0,4.0,8.0,2,Primeira_Liga,2021_2022,1753.0,483.0,462.0,51.0
96,Famalicão,33,34,86,7,1,497.0,549.0,52.0,668.0,330.0,360.0,5.0,9.0,2,Primeira_Liga,2022_2023,1702.0,495.0,513.0,49.0
97,Farense,25,34,79,6,3,472.0,413.0,58.0,641.0,332.0,318.0,4.0,7.0,1,Primeira_Liga,2023_2024,1513.0,601.0,653.0,47.0
98,Fatih Karagümrük,35,38,96,7,2,483.0,457.0,63.0,705.0,334.0,323.0,,,3,Super_Lig,2023_2024,,,,
98,Fatih Karagümrük,34,38,84,10,3,395.0,471.0,72.0,523.0,353.0,308.0,,,0,Super_Lig,2021_2022,,,,
98,Fatih Karagümrük,34,34,82,4,3,438.0,400.0,55.0,501.0,337.0,295.0,,,3,Super_Lig,2022_2023,,,,
99,Fenerbahçe,33,38,96,5,4,516.0,525.0,78.0,775.0,346.0,409.0,,,0,Super_Lig,2023_2024,,,,
99,Fenerbahçe,31,38,85,4,3,531.0,434.0,62.0,721.0,419.0,405.0,,,0,Super_Lig,2021_2022,,,,
99,Fenerbahçe,29,34,76,7,3,468.0,490.0,64.0,585.0,306.0,358.0,,,0,Super_Lig,2022_2023,,,,
100,Feyenoord,30,34,47,0,0,301.0,303.0,40.0,771.0,289.0,340.0,3.0,1.0,2,Eredivisie,2022_2023,2100.0,415.0,351.0,54.0
100,Feyenoord,31,34,41,0,0,329.0,304.0,69.0,704.0,313.0,366.0,3.0,4.0,1,Eredivisie,2021_2022,2240.0,497.0,434.0,53.0
100,Feyenoord,25,34,35,1,0,303.0,352.0,68.0,657.0,255.0,344.0,7.0,1.0,0,Eredivisie,2023_2024,1874.0,504.0,368.0,57.0
101,Fiorentina,30,38,93,3,2,488.0,511.0,56.0,880.0,260.0,337.0,3.0,8.0,2,Serie_A,2022_2023,2016.0,588.0,517.0,53.0
101,Fiorentina,30,38,80,0,0,459.0,450.0,57.0,748.0,236.0,320.0,6.0,9.0,0,Serie_A,2023_2024,1720.0,626.0,603.0,50.0
101,Fiorentina,28,38,89,8,6,464.0,565.0,57.0,776.0,244.0,301.0,8.0,5.0,2,Serie_A,2021_2022,1885.0,469.0,456.0,50.0
102,Fortuna Sittard,28,34,63,3,2,323.0,315.0,71.0,631.0,370.0,355.0,7.0,3.0,2,Eredivisie,2022_2023,1881.0,496.0,425.0,53.0
102,Fortuna Sittard,29,34,62,1,0,380.0,313.0,47.0,527.0,375.0,300.0,2.0,2.0,1,Eredivisie,2021_2022,1980.0,597.0,546.0,52.0
102,Fortuna Sittard,32,34,58,3,1,369.0,315.0,40.0,676.0,334.0,379.0,6.0,2.0,2,Eredivisie,2023_2024,1778.0,646.0,554.0,53.0
103,Freiburg,27,34,62,2,1,404.0,424.0,57.0,547.0,325.0,289.0,7.0,6.0,0,Bundesliga,2022_2023,1754.0,743.0,686.0,52.0
103,Freiburg,26,34,34,0,0,392.0,375.0,58.0,633.0,355.0,299.0,4.0,2.0,1,Bundesliga,2021_2022,1920.0,675.0,638.0,51.0
103,Freiburg,25,34,64,4,1,364.0,376.0,52.0,593.0,272.0,319.0,7.0,5.0,1,Bundesliga,2023_2024,1633.0,625.0,628.0,49.0
104,Frosinone,34,38,68,2,1,388.0,442.0,48.0,524.0,241.0,322.0,8.0,8.0,2,Serie_A,2023_2024,1780.0,518.0,602.0,46.0
105,Fulham,25,38,84,4,3,384.0,364.0,51.0,736.0,371.0,384.0,2.0,8.0,4,Premier_League,2023_2024,1837.0,487.0,509.0,48.0
105,Fulham,29,38,80,1,0,411.0,405.0,60.0,769.0,340.0,350.0,8.0,8.0,2,Premier_League,2022_2023,1979.0,511.0,550.0,48.0
106,Galatasaray,32,38,66,1,1,523.0,428.0,78.0,844.0,336.0,411.0,,,1,Super_Lig,2023_2024,,,,
106,Galatasaray,36,38,89,3,0,446.0,449.0,59.0,721.0,380.0,337.0,,,0,Super_Lig,2021_2022,,,,
106,Galatasaray,33,34,75,4,1,468.0,430.0,68.0,793.0,333.0,360.0,,,0,Super_Lig,2022_2023,,,,
107,Gaziantep FK,30,38,85,4,3,441.0,440.0,54.0,597.0,442.0,412.0,,,2,Super_Lig,2023_2024,,,,
107,Gaziantep FK,32,38,84,4,2,431.0,370.0,66.0,706.0,413.0,380.0,,,4,Super_Lig,2021_2022,,,,
107,Gaziantep FK,24,22,68,3,2,274.0,236.0,37.0,325.0,227.0,218.0,,,1,Super_Lig,2022_2023,,,,
108,Genk,26,30,64,6,3,365.0,354.0,75.0,564.0,287.0,309.0,4.0,3.0,0,Belgian_Pro_League,2023_2024,1662.0,465.0,449.0,50.0
108,Genk,27,34,50,4,0,339.0,370.0,72.0,687.0,391.0,412.0,9.0,4.0,0,Belgian_Pro_League,2021_2022,1894.0,434.0,420.0,50.0
108,Genk,28,34,65,3,1,410.0,394.0,68.0,501.0,359.0,350.0,5.0,7.0,0,Belgian_Pro_League,2022_2023,1931.0,449.0,433.0,50.0
109,Genoa,34,38,79,3,3,450.0,406.0,47.0,610.0,332.0,352.0,3.0,4.0,1,Serie_A,2023_2024,1643.0,610.0,543.0,52.0
109,Genoa,40,38,92,3,2,566.0,499.0,72.0,661.0,449.0,416.0,4.0,5.0,2,Serie_A,2021_2022,2228.0,635.0,743.0,46.0
110,Gent,32,30,40,6,1,311.0,328.0,48.0,568.0,326.0,377.0,6.0,11.0,0,Belgian_Pro_League,2023_2024,1715.0,513.0,496.0,50.0
110,Gent,28,34,61,4,0,388.0,389.0,74.0,567.0,433.0,394.0,3.0,6.0,1,Belgian_Pro_League,2021_2022,2056.0,577.0,475.0,54.0
110,Gent,31,34,49,3,0,346.0,343.0,58.0,557.0,452.0,405.0,2.0,7.0,0,Belgian_Pro_League,2022_2023,2115.0,509.0,427.0,54.0
111,Getafe,31,38,121,8,1,559.0,481.0,53.0,621.0,401.0,360.0,1.0,4.0,1,La_Liga,2021_2022,1924.0,721.0,717.0,50.0
111,Getafe,25,38,126,9,6,600.0,437.0,79.0,649.0,320.0,339.0,3.0,8.0,2,La_Liga,2022_2023,1871.0,714.0,697.0,50.0
111,Getafe,33,38,135,10,5,648.0,437.0,78.0,701.0,307.0,364.0,3.0,7.0,0,La_Liga,2023_2024,1773.0,657.0,692.0,48.0
112,Gil Vicente FC,31,34,75,3,2,403.0,477.0,67.0,474.0,303.0,341.0,7.0,7.0,2,Primeira_Liga,2023_2024,1662.0,438.0,425.0,50.0
112,Gil Vicente FC,29,34,88,4,1,455.0,470.0,57.0,502.0,282.0,248.0,3.0,9.0,2,Primeira_Liga,2021_2022,1652.0,486.0,474.0,50.0
112,Gil Vicente FC,32,34,81,2,1,487.0,422.0,62.0,710.0,306.0,316.0,5.0,3.0,0,Primeira_Liga,2022_2023,1779.0,432.0,402.0,51.0
113,Giresunspor,36,38,64,4,1,418.0,443.0,71.0,631.0,397.0,396.0,,,1,Super_Lig,2021_2022,,,,
113,Giresunspor,26,34,90,3,1,436.0,437.0,79.0,569.0,347.0,365.0,,,1,Super_Lig,2022_2023,,,,
114,Girona,29,38,92,3,2,440.0,507.0,87.0,713.0,266.0,321.0,7.0,8.0,0,La_Liga,2022_2023,1836.0,428.0,435.0,49.0
114,Girona,25,38,75,1,0,406.0,471.0,95.0,698.0,257.0,340.0,7.0,7.0,0,La_Liga,2023_2024,1808.0,373.0,390.0,48.0
115,Gladbach,27,34,62,3,1,338.0,447.0,72.0,441.0,267.0,275.0,3.0,6.0,1,Bundesliga,2022_2023,1718.0,415.0,419.0,49.0
115,Gladbach,26,34,67,1,0,359.0,472.0,73.0,440.0,326.0,345.0,6.0,5.0,0,Bundesliga,2021_2022,1850.0,464.0,419.0,52.0
115,Gladbach,27,34,66,2,1,337.0,372.0,53.0,574.0,333.0,337.0,4.0,6.0,0,Bundesliga,2023_2024,1701.0,485.0,478.0,50.0
116,Go Ahead Eag,27,34,51,2,0,368.0,334.0,37.0,620.0,332.0,331.0,3.0,2.0,2,Eredivisie,2022_2023,1889.0,495.0,572.0,46.0
116,Go Ahead Eag,26,34,39,5,2,298.0,322.0,56.0,512.0,393.0,289.0,2.0,4.0,1,Eredivisie,2021_2022,1996.0,557.0,652.0,46.0
116,Go Ahead Eag,23,34,39,3,1,283.0,356.0,56.0,608.0,264.0,297.0,4.0,2.0,1,Eredivisie,2023_2024,1711.0,450.0,566.0,44.0
117,Granada,32,38,105,4,1,477.0,466.0,62.0,691.0,326.0,343.0,2.0,9.0,2,La_Liga,2021_2022,1867.0,602.0,743.0,44.0
117,Granada,40,38,98,4,1,514.0,504.0,75.0,664.0,280.0,374.0,5.0,6.0,2,La_Liga,2023_2024,1708.0,484.0,540.0,47.0
118,Greuther Fürth,29,34,61,0,0,437.0,434.0,69.0,478.0,374.0,336.0,3.0,6.0,5,Bundesliga,2021_2022,1878.0,468.0,602.0,43.0
119,Groningen,36,34,51,5,1,325.0,279.0,50.0,524.0,312.0,384.0,1.0,7.0,0,Eredivisie,2022_2023,1869.0,451.0,508.0,47.0
119,Groningen,28,34,55,4,1,358.0,355.0,51.0,639.0,373.0,371.0,1.0,2.0,2,Eredivisie,2021_2022,1935.0,518.0,644.0,44.0
120,Górnik Zabrze,30,34,68,1,1,,,,,,,,,2,Ekstraklasa,2021_2022,,,,
120,Górnik Zabrze,33,34,92,2,1,,,,,,,,,2,Ekstraklasa,2022_2023,,,,
120,Górnik Zabrze,26,34,70,7,4,,,,,,,,,1,Ekstraklasa,2023_2024,,,,
121,Górnik Łęczna,33,34,75,4,4,,,,,,,,,2,Ekstraklasa,2021_2022,,,,
122,Göztepe,36,38,95,8,2,519.0,412.0,84.0,833.0,456.0,344.0,,,2,Super_Lig,2021_2022,,,,
123,Hartberg,32,32,67,2,0,357.0,390.0,81.0,500.0,449.0,362.0,,,2,Austrian_Bundesliga,2022_2023,,,,
123,Hartberg,30,32,61,0,0,395.0,355.0,52.0,564.0,431.0,341.0,,,1,Austrian_Bundesliga,2021_2022,,,,
123,Hartberg,23,32,70,7,3,316.0,374.0,59.0,435.0,348.0,351.0,,,0,Austrian_Bundesliga,2023_2024,,,,
124,Hatayspor,33,38,106,1,1,535.0,353.0,71.0,615.0,291.0,341.0,,,2,Super_Lig,2023_2024,,,,
124,Hatayspor,31,38,89,4,2,439.0,383.0,80.0,709.0,416.0,345.0,,,0,Super_Lig,2021_2022,,,,
124,Hatayspor,28,21,51,2,1,231.0,186.0,34.0,349.0,177.0,184.0,,,0,Super_Lig,2022_2023,,,,
125,Heerenveen,26,34,51,1,0,325.0,324.0,46.0,633.0,362.0,317.0,3.0,5.0,1,Eredivisie,2022_2023,1960.0,493.0,438.0,53.0
125,Heerenveen,32,34,42,2,1,290.0,277.0,55.0,546.0,325.0,350.0,1.0,8.0,1,Eredivisie,2021_2022,1880.0,504.0,452.0,52.0
125,Heerenveen,26,34,39,4,1,320.0,325.0,49.0,622.0,288.0,305.0,5.0,4.0,2,Eredivisie,2023_2024,1715.0,464.0,484.0,48.0
126,Heidenheim,22,34,54,1,0,442.0,325.0,38.0,663.0,302.0,352.0,1.0,10.0,3,Bundesliga,2023_2024,1741.0,690.0,612.0,53.0
127,Hellas Verona,36,38,103,3,0,540.0,383.0,74.0,652.0,337.0,357.0,1.0,2.0,3,Serie_A,2022_2023,2238.0,810.0,735.0,52.0
127,Hellas Verona,36,38,88,6,2,541.0,447.0,61.0,724.0,302.0,387.0,4.0,2.0,1,Serie_A,2023_2024,1842.0,750.0,644.0,53.0
127,Hellas Verona,31,38,100,7,5,560.0,429.0,97.0,593.0,392.0,308.0,6.0,4.0,2,Serie_A,2021_2022,2413.0,689.0,733.0,48.0
128,Heracles Almelo,31,34,55,3,1,365.0,325.0,61.0,643.0,400.0,373.0,2.0,5.0,2,Eredivisie,2021_2022,2019.0,476.0,500.0,48.0
128,Heracles Almelo,27,34,70,2,0,382.0,325.0,52.0,587.0,256.0,379.0,4.0,5.0,1,Eredivisie,2023_2024,1663.0,410.0,473.0,46.0
129,Hertha BSC,32,34,82,1,1,422.0,394.0,58.0,516.0,366.0,344.0,4.0,6.0,0,Bundesliga,2022_2023,1835.0,633.0,701.0,47.0
129,Hertha BSC,36,34,62,2,0,421.0,430.0,73.0,505.0,406.0,321.0,3.0,8.0,0,Bundesliga,2021_2022,1830.0,556.0,575.0,49.0
130,Hoffenheim,31,34,80,5,3,471.0,368.0,78.0,577.0,285.0,323.0,7.0,3.0,1,Bundesliga,2022_2023,1843.0,550.0,557.0,49.0
130,Hoffenheim,32,34,75,0,0,429.0,348.0,70.0,703.0,285.0,291.0,0.0,4.0,1,Bundesliga,2021_2022,1905.0,485.0,574.0,45.0
130,Hoffenheim,30,34,86,5,4,339.0,366.0,52.0,603.0,357.0,304.0,5.0,5.0,1,Bundesliga,2023_2024,1715.0,515.0,515.0,50.0
131,Horsens,25,32,63,3,1,341.0,228.0,41.0,586.0,371.0,341.0,,,2,Danish_Superliga,2022_2023,,,,
132,Hvidovre IF,29,32,66,1,1,383.0,343.0,54.0,619.0,326.0,403.0,,,2,Danish_Superliga,2023_2024,,,,
133,Inter,25,38,65,3,2,444.0,406.0,68.0,885.0,315.0,325.0,4.0,3.0,3,Serie_A,2022_2023,1948.0,500.0,415.0,54.0
133,Inter,27,38,46,1,0,405.0,408.0,77.0,804.0,280.0,321.0,11.0,4.0,0,Serie_A,2023_2024,1602.0,535.0,370.0,59.0
133,Inter,27,38,71,0,0,466.0,412.0,57.0,809.0,332.0,332.0,7.0,4.0,1,Serie_A,2021_2022,2004.0,549.0,476.0,53.0
134,Ionikos,30,33,84,4,3,,,,,,,,,0,Super_League_Greece,2021_2022,,,,
134,Ionikos,30,33,101,6,4,,,,,,,,,1,Super_League_Greece,2022_2023,,,,
135,Jagiellonia,38,34,87,3,1,,,,,,,,,2,Ekstraklasa,2021_2022,,,,
135,Jagiellonia,31,34,92,6,4,,,,,,,,,2,Ekstraklasa,2022_2023,,,,
135,Jagiellonia,27,34,70,2,1,,,,,,,,,0,Ekstraklasa,2023_2024,,,,
136,Javor Ivanjica,34,37,109,4,3,,,,,,,,,1,Serbian_SuperLiga,2022_2023,,,,
136,Javor Ivanjica,31,37,92,6,2,,,,,,,,,1,Serbian_SuperLiga,2023_2024,,,,
137,Juventus,29,38,74,6,1,456.0,409.0,62.0,731.0,307.0,352.0,6.0,5.0,0,Serie_A,2022_2023,1951.0,486.0,477.0,50.0
137,Juventus,31,38,87,2,1,478.0,376.0,72.0,708.0,253.0,369.0,3.0,3.0,2,Serie_A,2023_2024,1656.0,486.0,434.0,52.0
137,Juventus,32,38,77,2,1,508.0,503.0,74.0,550.0,332.0,316.0,5.0,7.0,1,Serie_A,2021_2022,2008.0,550.0,440.0,55.0
138,Kasımpaşa,32,38,70,2,0,460.0,439.0,90.0,737.0,391.0,386.0,,,2,Super_Lig,2023_2024,,,,
138,Kasımpaşa,32,38,97,4,3,496.0,484.0,81.0,789.0,435.0,344.0,,,2,Super_Lig,2021_2022,,,,
138,Kasımpaşa,39,35,89,4,1,508.0,424.0,80.0,655.0,408.0,327.0,,,0,Super_Lig,2022_2023,,,,
139,Kayserispor,33,38,84,4,2,505.0,323.0,84.0,681.0,327.0,337.0,,,2,Super_Lig,2023_2024,,,,
139,Kayserispor,38,38,73,3,3,471.0,446.0,93.0,649.0,428.0,417.0,,,2,Super_Lig,2021_2022,,,,
139,Kayserispor,28,34,61,4,1,448.0,417.0,71.0,618.0,333.0,367.0,,,0,Super_Lig,2022_2023,,,,
140,Konyaspor,36,38,75,2,1,424.0,471.0,76.0,622.0,349.0,387.0,,,3,Super_Lig,2023_2024,,,,
140,Konyaspor,27,38,76,4,1,452.0,401.0,98.0,814.0,419.0,358.0,,,2,Super_Lig,2021_2022,,,,
140,Konyaspor,31,34,89,5,5,422.0,434.0,83.0,699.0,336.0,317.0,,,3,Super_Lig,2022_2023,,,,
141,Korona Kielce,34,34,84,3,2,,,,,,,,,2,Ekstraklasa,2022_2023,,,,
141,Korona Kielce,28,34,72,1,1,,,,,,,,,2,Ekstraklasa,2023_2024,,,,
142,Kortrijk,36,30,63,2,1,323.0,324.0,41.0,531.0,328.0,325.0,1.0,2.0,4,Belgian_Pro_League,2023_2024,1586.0,499.0,555.0,47.0
142,Kortrijk,32,34,91,4,0,414.0,415.0,54.0,516.0,333.0,350.0,6.0,5.0,1,Belgian_Pro_League,2021_2022,1915.0,619.0,590.0,51.0
142,Kortrijk,32,34,79,6,2,405.0,436.0,63.0,485.0,356.0,406.0,2.0,9.0,3,Belgian_Pro_League,2022_2023,1953.0,577.0,554.0,51.0
143,Köln,27,34,75,3,3,400.0,352.0,68.0,790.0,372.0,370.0,2.0,5.0,3,Bundesliga,2022_2023,2022.0,659.0,608.0,52.0
143,Köln,26,34,68,1,1,419.0,459.0,67.0,829.0,426.0,361.0,1.0,1.0,2,Bundesliga,2021_2022,2137.0,597.0,590.0,50.0
143,Köln,26,34,71,4,3,418.0,364.0,53.0,779.0,305.0,375.0,5.0,3.0,0,Bundesliga,2023_2024,1689.0,557.0,533.0,51.0
144,LASK,31,32,60,6,3,383.0,412.0,56.0,556.0,436.0,355.0,,,0,Austrian_Bundesliga,2022_2023,,,,
144,LASK,32,32,70,5,4,460.0,344.0,64.0,646.0,462.0,359.0,,,2,Austrian_Bundesliga,2021_2022,,,,
144,LASK,30,32,72,1,0,406.0,408.0,83.0,607.0,410.0,354.0,,,0,Austrian_Bundesliga,2023_2024,,,,
145,Las Palmas,29,38,84,5,1,411.0,499.0,93.0,580.0,281.0,397.0,3.0,9.0,3,La_Liga,2023_2024,1846.0,395.0,489.0,44.0
146,Lazio,24,38,87,2,0,400.0,471.0,54.0,483.0,310.0,349.0,6.0,2.0,1,Serie_A,2022_2023,1979.0,399.0,381.0,51.0
146,Lazio,22,38,101,5,2,473.0,435.0,72.0,624.0,295.0,348.0,3.0,3.0,0,Serie_A,2023_2024,1764.0,399.0,453.0,46.0
146,Lazio,27,38,88,5,3,441.0,450.0,44.0,574.0,315.0,339.0,6.0,6.0,1,Serie_A,2021_2022,1941.0,411.0,427.0,49.0
147,Le Havre,27,34,67,6,3,433.0,368.0,52.0,544.0,363.0,332.0,7.0,4.0,2,Ligue_1,2023_2024,1638.0,485.0,482.0,50.0
148,Lecce,29,38,86,2,1,553.0,439.0,68.0,709.0,368.0,427.0,4.0,6.0,3,Serie_A,2022_2023,2120.0,567.0,728.0,43.0
148,Lecce,26,38,89,5,2,504.0,481.0,56.0,650.0,308.0,374.0,4.0,6.0,1,Serie_A,2023_2024,1779.0,548.0,616.0,47.0
149,Lech Poznań,28,34,51,2,1,,,,,,,,,0,Ekstraklasa,2021_2022,,,,
149,Lech Poznań,29,34,74,2,1,,,,,,,,,0,Ekstraklasa,2022_2023,,,,
149,Lech Poznań,26,34,74,3,1,,,,,,,,,3,Ekstraklasa,2023_2024,,,,
150,Lechia Gdańsk,31,34,73,1,1,,,,,,,,,1,Ekstraklasa,2021_2022,,,,
150,Lechia Gdańsk,28,34,73,1,0,,,,,,,,,5,Ekstraklasa,2022_2023,,,,
151,Leeds United,29,38,89,3,2,467.0,405.0,60.0,653.0,392.0,480.0,2.0,6.0,1,Premier_League,2022_2023,2206.0,586.0,607.0,49.0
151,Leeds United,29,38,101,3,0,469.0,368.0,63.0,648.0,395.0,437.0,4.0,5.0,1,Premier_League,2021_2022,2260.0,470.0,626.0,42.0
152,Legia Warsaw,39,34,95,5,1,,,,,,,,,1,Ekstraklasa,2021_2022,,,,
152,Legia Warsaw,28,34,84,4,4,,,,,,,,,0,Ekstraklasa,2022_2023,,,,
152,Legia Warsaw,30,34,84,6,3,,,,,,,,,1,Ekstraklasa,2023_2024,,,,
153,Leicester City,28,38,63,2,2,410.0,397.0,83.0,496.0,367.0,412.0,5.0,5.0,5,Premier_League,2022_2023,2013.0,512.0,558.0,47.0
153,Leicester City,28,38,55,1,0,356.0,396.0,60.0,556.0,367.0,384.0,1.0,9.0,1,Premier_League,2021_2022,2015.0,530.0,553.0,48.0
154,Lens,29,38,63,3,0,492.0,481.0,62.0,791.0,339.0,323.0,7.0,3.0,1,Ligue_1,2022_2023,1975.0,406.0,369.0,52.0
154,Lens,27,34,78,4,1,445.0,424.0,75.0,736.0,298.0,339.0,5.0,8.0,1,Ligue_1,2023_2024,1775.0,451.0,388.0,53.0
154,Lens,28,38,73,7,1,421.0,357.0,58.0,699.0,455.0,359.0,3.0,5.0,0,Ligue_1,2021_2022,2051.0,427.0,366.0,53.0
155,Levadiakos,34,33,85,3,3,,,,,,,,,0,Super_League_Greece,2022_2023,,,,
156,Levante,31,38,109,6,2,550.0,403.0,77.0,624.0,377.0,305.0,6.0,6.0,0,La_Liga,2021_2022,2054.0,441.0,492.0,47.0
157,Leverkusen,27,34,75,7,3,382.0,409.0,51.0,461.0,294.0,280.0,6.0,7.0,2,Bundesliga,2022_2023,1918.0,430.0,492.0,46.0
157,Leverkusen,29,34,66,2,1,364.0,329.0,64.0,537.0,360.0,281.0,5.0,4.0,1,Bundesliga,2021_2022,2009.0,442.0,415.0,51.0
157,Leverkusen,24,34,59,0,0,305.0,342.0,73.0,586.0,224.0,277.0,7.0,0.0,0,Bundesliga,2023_2024,1847.0,363.0,316.0,53.0
158,Levski Sofia,28,35,74,3,1,,,,,,,,,0,Bulgarian_First_League,2022_2023,,,,
158,Levski Sofia,32,35,77,4,0,,,,,,,,,0,Bulgarian_First_League,2023_2024,,,,
158,Levski Sofia,31,31,72,3,1,,,,,,,,,1,Bulgarian_First_League,2021_2022,,,,
159,Lille,26,38,82,1,0,497.0,480.0,64.0,624.0,301.0,370.0,10.0,5.0,3,Ligue_1,2022_2023,2138.0,440.0,463.0,48.0
159,Lille,28,34,67,3,1,376.0,489.0,46.0,533.0,292.0,370.0,3.0,5.0,2,Ligue_1,2023_2024,1642.0,355.0,346.0,50.0
159,Lille,26,38,98,6,3,446.0,441.0,89.0,621.0,377.0,359.0,5.0,6.0,2,Ligue_1,2021_2022,2145.0,525.0,492.0,51.0
160,Liverpool,30,38,69,5,2,463.0,376.0,100.0,817.0,292.0,418.0,8.0,1.0,2,Premier_League,2023_2024,2034.0,583.0,441.0,56.0
160,Liverpool,28,38,57,1,0,405.0,321.0,84.0,799.0,333.0,370.0,3.0,4.0,2,Premier_League,2022_2023,2211.0,482.0,455.0,51.0
160,Liverpool,27,38,50,1,0,363.0,286.0,63.0,897.0,340.0,320.0,5.0,0.0,1,Premier_League,2021_2022,2265.0,571.0,467.0,55.0
161,Loko Plovdiv,31,35,85,4,1,,,,,,,,,1,Bulgarian_First_League,2022_2023,,,,
161,Loko Plovdiv,33,35,100,7,5,,,,,,,,,1,Bulgarian_First_League,2023_2024,,,,
161,Loko Plovdiv,28,32,92,7,3,,,,,,,,,1,Bulgarian_First_League,2021_2022,,,,
162,Lokomotiv Sofia,29,36,96,9,6,,,,,,,,,1,Bulgarian_First_League,2022_2023,,,,
162,Lokomotiv Sofia,29,35,90,4,4,,,,,,,,,1,Bulgarian_First_League,2023_2024,,,,
162,Lokomotiv Sofia,32,32,109,4,3,,,,,,,,,1,Bulgarian_First_League,2021_2022,,,,
163,Lorient,30,38,48,4,3,397.0,501.0,49.0,434.0,369.0,420.0,5.0,2.0,1,Ligue_1,2022_2023,2019.0,407.0,479.0,45.0
163,Lorient,38,34,66,1,0,403.0,416.0,56.0,565.0,337.0,326.0,1.0,8.0,1,Ligue_1,2023_2024,1684.0,410.0,394.0,51.0
163,Lorient,29,38,69,4,3,475.0,423.0,55.0,588.0,412.0,412.0,3.0,6.0,3,Ligue_1,2021_2022,2044.0,433.0,524.0,45.0
164,Ludogorets,32,35,81,2,1,,,,,,,,,1,Bulgarian_First_League,2022_2023,,,,
164,Ludogorets,44,35,56,4,0,,,,,,,,,2,Bulgarian_First_League,2023_2024,,,,
164,Ludogorets,32,31,71,1,0,,,,,,,,,1,Bulgarian_First_League,2021_2022,,,,
165,Luton Town,28,38,71,0,0,443.0,448.0,67.0,841.0,325.0,368.0,2.0,4.0,4,Premier_League,2023_2024,1868.0,635.0,631.0,50.0
166,Lyngby,31,32,70,1,0,363.0,291.0,39.0,578.0,274.0,258.0,,,0,Danish_Superliga,2022_2023,,,,
166,Lyngby,34,32,54,2,1,401.0,366.0,55.0,628.0,217.0,298.0,,,3,Danish_Superliga,2023_2024,,,,
167,Lyon,29,38,61,3,1,500.0,453.0,57.0,649.0,481.0,423.0,5.0,11.0,3,Ligue_1,2022_2023,2144.0,452.0,438.0,50.0
167,Lyon,35,34,57,6,1,425.0,367.0,52.0,560.0,304.0,331.0,4.0,6.0,1,Ligue_1,2023_2024,1715.0,396.0,367.0,51.0
167,Lyon,30,38,65,6,2,436.0,424.0,62.0,571.0,396.0,367.0,6.0,8.0,3,Ligue_1,2021_2022,2129.0,470.0,409.0,53.0
168,Mainz 05,27,34,69,1,0,476.0,334.0,74.0,610.0,433.0,341.0,5.0,8.0,0,Bundesliga,2022_2023,2081.0,740.0,703.0,51.0
168,Mainz 05,28,34,62,4,2,495.0,386.0,63.0,598.0,439.0,305.0,3.0,6.0,1,Bundesliga,2021_2022,2097.0,606.0,580.0,51.0
168,Mainz 05,30,34,99,3,1,473.0,410.0,59.0,633.0,346.0,328.0,4.0,4.0,1,Bundesliga,2023_2024,1786.0,665.0,761.0,46.0
169,Mallorca,33,38,114,7,4,554.0,535.0,67.0,597.0,344.0,332.0,6.0,8.0,4,La_Liga,2021_2022,2007.0,651.0,703.0,48.0
169,Mallorca,31,38,120,5,0,611.0,457.0,77.0,635.0,318.0,344.0,4.0,7.0,0,La_Liga,2022_2023,1833.0,674.0,629.0,51.0
169,Mallorca,25,38,105,4,2,567.0,412.0,104.0,763.0,365.0,388.0,2.0,5.0,1,La_Liga,2023_2024,1816.0,773.0,686.0,53.0
170,Manchester City,25,38,53,2,1,289.0,410.0,42.0,700.0,233.0,305.0,8.0,3.0,1,Premier_League,2023_2024,1734.0,325.0,288.0,53.0
170,Manchester City,24,38,44,1,0,347.0,384.0,51.0,742.0,223.0,272.0,9.0,3.0,1,Premier_League,2022_2023,1866.0,438.0,364.0,54.0
170,Manchester City,26,38,42,1,0,321.0,330.0,66.0,869.0,279.0,284.0,7.0,1.0,0,Premier_League,2021_2022,1967.0,482.0,397.0,54.0
171,Manchester Utd,31,38,83,1,1,401.0,340.0,91.0,594.0,313.0,409.0,6.0,7.0,1,Premier_League,2023_2024,1851.0,436.0,450.0,49.0
171,Manchester Utd,26,38,78,2,0,424.0,297.0,79.0,517.0,352.0,400.0,2.0,3.0,1,Premier_League,2022_2023,2190.0,465.0,434.0,51.0
171,Manchester Utd,29,38,77,2,1,396.0,320.0,88.0,659.0,340.0,358.0,3.0,5.0,3,Premier_League,2021_2022,2071.0,555.0,443.0,55.0
172,Marseille,30,38,63,4,1,533.0,419.0,68.0,751.0,420.0,404.0,3.0,5.0,3,Ligue_1,2022_2023,2291.0,491.0,484.0,50.0
172,Marseille,33,34,61,5,2,374.0,426.0,69.0,713.0,332.0,371.0,4.0,3.0,1,Ligue_1,2023_2024,1753.0,372.0,365.0,50.0
172,Marseille,27,38,61,3,1,347.0,459.0,60.0,619.0,327.0,319.0,10.0,4.0,1,Ligue_1,2021_2022,1862.0,368.0,323.0,53.0
173,Marítimo,30,34,110,8,5,519.0,622.0,58.0,555.0,343.0,362.0,6.0,10.0,0,Primeira_Liga,2021_2022,1705.0,493.0,439.0,52.0
173,Marítimo,39,34,107,10,4,503.0,489.0,63.0,685.0,334.0,362.0,3.0,9.0,1,Primeira_Liga,2022_2023,1804.0,493.0,444.0,52.0
174,Mechelen,30,30,48,0,0,303.0,286.0,64.0,565.0,301.0,304.0,3.0,4.0,1,Belgian_Pro_League,2023_2024,1567.0,505.0,448.0,53.0
174,Mechelen,27,33,63,4,1,381.0,322.0,66.0,527.0,365.0,381.0,4.0,3.0,2,Belgian_Pro_League,2021_2022,1734.0,537.0,663.0,44.0
174,Mechelen,31,34,69,5,2,393.0,319.0,68.0,515.0,402.0,340.0,3.0,9.0,1,Belgian_Pro_League,2022_2023,1766.0,451.0,454.0,49.0
175,Metalac GM,33,37,91,3,3,,,,,,,,,1,Serbian_SuperLiga,2021_2022,,,,
176,Metz,30,34,54,3,0,419.0,374.0,45.0,563.0,348.0,334.0,5.0,6.0,0,Ligue_1,2023_2024,1574.0,390.0,534.0,42.0
176,Metz,36,38,94,9,2,514.0,417.0,48.0,581.0,507.0,442.0,1.0,5.0,2,Ligue_1,2021_2022,2092.0,527.0,529.0,49.0
177,Midtjylland,33,32,60,3,2,280.0,327.0,48.0,527.0,255.0,286.0,,,0,Danish_Superliga,2022_2023,,,,
177,Midtjylland,35,32,49,2,0,319.0,354.0,46.0,508.0,332.0,306.0,,,1,Danish_Superliga,2021_2022,,,,
177,Midtjylland,35,32,68,4,2,336.0,343.0,64.0,609.0,295.0,336.0,,,2,Danish_Superliga,2023_2024,,,,
178,Miedź Legnica,31,34,103,5,4,,,,,,,,,3,Ekstraklasa,2022_2023,,,,
179,Milan,30,38,90,2,2,449.0,438.0,61.0,671.0,289.0,422.0,3.0,5.0,1,Serie_A,2022_2023,2051.0,561.0,478.0,54.0
179,Milan,35,38,82,8,2,429.0,410.0,57.0,660.0,252.0,333.0,6.0,8.0,1,Serie_A,2023_2024,1616.0,432.0,410.0,51.0
179,Milan,28,38,76,3,1,465.0,513.0,80.0,672.0,355.0,421.0,5.0,5.0,2,Serie_A,2021_2022,2167.0,521.0,517.0,50.0
180,Mladost Lučani,39,37,97,4,1,,,,,,,,,0,Serbian_SuperLiga,2021_2022,,,,
180,Mladost Lučani,40,37,93,1,0,,,,,,,,,1,Serbian_SuperLiga,2022_2023,,,,
180,Mladost Lučani,36,37,68,4,1,,,,,,,,,3,Serbian_SuperLiga,2023_2024,,,,
181,Monaco,27,38,64,5,3,488.0,411.0,84.0,661.0,426.0,400.0,8.0,5.0,3,Ligue_1,2022_2023,2203.0,515.0,457.0,53.0
181,Monaco,30,34,79,8,4,481.0,400.0,73.0,517.0,394.0,412.0,5.0,6.0,2,Ligue_1,2023_2024,1949.0,402.0,394.0,50.0
181,Monaco,27,38,85,4,3,496.0,408.0,94.0,705.0,424.0,435.0,5.0,9.0,3,Ligue_1,2021_2022,2287.0,546.0,498.0,52.0
182,Montpellier,31,38,68,10,1,488.0,523.0,71.0,673.0,404.0,413.0,6.0,11.0,2,Ligue_1,2022_2023,2095.0,480.0,553.0,46.0
182,Montpellier,31,34,68,4,0,432.0,447.0,55.0,601.0,308.0,379.0,4.0,5.0,3,Ligue_1,2023_2024,1784.0,426.0,449.0,48.0
182,Montpellier,27,38,77,8,4,411.0,465.0,53.0,697.0,356.0,380.0,3.0,6.0,1,Ligue_1,2021_2022,2018.0,437.0,560.0,43.0
183,Monza,31,38,90,4,1,489.0,495.0,69.0,596.0,334.0,355.0,6.0,3.0,1,Serie_A,2022_2023,1845.0,448.0,441.0,50.0
183,Monza,31,38,88,5,4,458.0,408.0,40.0,584.0,279.0,334.0,2.0,9.0,0,Serie_A,2023_2024,1468.0,442.0,462.0,48.0
184,Moreirense,29,34,75,3,2,489.0,443.0,61.0,576.0,318.0,345.0,3.0,1.0,1,Primeira_Liga,2023_2024,1615.0,469.0,524.0,47.0
184,Moreirense,29,34,114,6,3,520.0,446.0,54.0,652.0,311.0,294.0,7.0,5.0,0,Primeira_Liga,2021_2022,1773.0,624.0,610.0,50.0
185,NEC Nijmegen,22,34,48,3,0,358.0,453.0,36.0,623.0,256.0,290.0,4.0,4.0,1,Eredivisie,2022_2023,1817.0,426.0,414.0,50.0
185,NEC Nijmegen,25,34,50,3,0,339.0,400.0,52.0,489.0,352.0,346.0,3.0,4.0,1,Eredivisie,2021_2022,1955.0,471.0,508.0,48.0
185,NEC Nijmegen,28,34,53,4,2,304.0,373.0,40.0,563.0,268.0,376.0,6.0,6.0,0,Eredivisie,2023_2024,1670.0,531.0,535.0,49.0
186,Nantes,29,38,65,4,2,481.0,414.0,54.0,820.0,431.0,431.0,3.0,9.0,4,Ligue_1,2022_2023,2075.0,592.0,598.0,49.0
186,Nantes,35,34,67,3,0,448.0,375.0,51.0,627.0,332.0,352.0,5.0,10.0,0,Ligue_1,2023_2024,1621.0,387.0,424.0,47.0
186,Nantes,26,38,80,4,2,500.0,372.0,55.0,731.0,415.0,405.0,2.0,7.0,1,Ligue_1,2021_2022,2057.0,598.0,566.0,51.0
187,Napoli,27,38,47,1,0,389.0,468.0,60.0,681.0,287.0,313.0,8.0,2.0,0,Serie_A,2022_2023,2027.0,483.0,403.0,54.0
187,Napoli,29,38,77,5,3,381.0,451.0,71.0,737.0,241.0,326.0,8.0,4.0,0,Serie_A,2023_2024,1707.0,470.0,483.0,49.0
187,Napoli,27,38,63,2,0,460.0,482.0,67.0,553.0,296.0,327.0,9.0,1.0,1,Serie_A,2021_2022,1981.0,393.0,403.0,49.0
188,Napredak Kruš,35,37,96,6,3,,,,,,,,,5,Serbian_SuperLiga,2021_2022,,,,
188,Napredak Kruš,30,37,62,5,2,,,,,,,,,0,Serbian_SuperLiga,2022_2023,,,,
188,Napredak Kruš,36,37,84,0,0,,,,,,,,,3,Serbian_SuperLiga,2023_2024,,,,
189,Newcastle Utd,32,38,79,1,1,386.0,469.0,59.0,648.0,285.0,391.0,9.0,5.0,1,Premier_League,2023_2024,1836.0,453.0,418.0,52.0
189,Newcastle Utd,27,38,61,1,0,406.0,399.0,71.0,740.0,333.0,360.0,2.0,5.0,2,Premier_League,2022_2023,2065.0,552.0,426.0,56.0
189,Newcastle Utd,29,38,81,2,1,392.0,366.0,71.0,592.0,360.0,383.0,1.0,6.0,2,Premier_League,2021_2022,1835.0,677.0,619.0,52.0
190,Nice,34,38,53,3,1,383.0,376.0,51.0,690.0,413.0,467.0,5.0,5.0,0,Ligue_1,2022_2023,2143.0,392.0,365.0,51.0
190,Nice,27,34,62,4,0,402.0,373.0,52.0,605.0,292.0,308.0,7.0,8.0,1,Ligue_1,2023_2024,1707.0,374.0,360.0,51.0
190,Nice,27,38,77,6,2,456.0,371.0,53.0,742.0,441.0,369.0,6.0,5.0,0,Ligue_1,2021_2022,2064.0,526.0,471.0,52.0
191,Nordsjælland,28,32,62,4,3,319.0,324.0,54.0,583.0,250.0,308.0,,,2,Danish_Superliga,2022_2023,,,,
191,Nordsjælland,33,32,57,3,0,332.0,301.0,53.0,565.0,320.0,285.0,,,2,Danish_Superliga,2021_2022,,,,
191,Nordsjælland,28,32,49,0,0,283.0,347.0,74.0,570.0,249.0,284.0,,,1,Danish_Superliga,2023_2024,,,,
192,Norwich City,28,38,57,1,1,356.0,431.0,55.0,568.0,381.0,368.0,2.0,12.0,2,Premier_League,2021_2022,1887.0,493.0,598.0,45.0
193,Nott'ham Forest,33,38,82,3,2,428.0,371.0,77.0,595.0,331.0,429.0,1.0,4.0,2,Premier_League,2023_2024,1807.0,583.0,556.0,51.0
193,Nott'ham Forest,33,38,84,0,0,445.0,390.0,67.0,530.0,349.0,387.0,3.0,9.0,0,Premier_League,2022_2023,1902.0,560.0,600.0,48.0
194,Novi Pazar,38,37,89,2,0,,,,,,,,,1,Serbian_SuperLiga,2021_2022,,,,
194,Novi Pazar,35,37,94,4,3,,,,,,,,,2,Serbian_SuperLiga,2022_2023,,,,
194,Novi Pazar,40,37,94,6,4,,,,,,,,,0,Serbian_SuperLiga,2023_2024,,,,
195,OFI Crete,30,33,99,0,0,,,,,,,,,3,Super_League_Greece,2023_2024,,,,
195,OFI Crete,31,33,95,3,2,,,,,,,,,2,Super_League_Greece,2021_2022,,,,
195,OFI Crete,33,33,92,3,1,,,,,,,,,4,Super_League_Greece,2022_2023,,,,
196,OH Leuven,29,30,77,2,1,362.0,330.0,58.0,521.0,266.0,272.0,5.0,8.0,2,Belgian_Pro_League,2023_2024,1434.0,442.0,487.0,47.0
196,OH Leuven,30,33,69,6,3,321.0,380.0,73.0,444.0,418.0,338.0,2.0,2.0,1,Belgian_Pro_League,2021_2022,1756.0,337.0,381.0,46.0
196,OH Leuven,29,34,60,2,0,359.0,378.0,54.0,489.0,407.0,379.0,11.0,9.0,1,Belgian_Pro_League,2022_2023,1786.0,351.0,382.0,47.0
197,Odense,35,32,59,4,3,297.0,338.0,52.0,488.0,319.0,331.0,,,1,Danish_Superliga,2022_2023,,,,
197,Odense,27,32,49,1,1,345.0,365.0,38.0,476.0,352.0,329.0,,,0,Danish_Superliga,2021_2022,,,,
197,Odense,30,32,63,1,1,345.0,346.0,53.0,550.0,271.0,330.0,,,0,Danish_Superliga,2023_2024,,,,
198,Olympiacos,36,36,86,3,2,,,,,,,,,1,Super_League_Greece,2023_2024,,,,
198,Olympiacos,35,36,53,0,0,,,,,,,,,1,Super_League_Greece,2021_2022,,,,
198,Olympiacos,42,36,66,3,2,,,,,,,,,3,Super_League_Greece,2022_2023,,,,
199,Oostende,30,34,83,6,6,426.0,329.0,75.0,594.0,407.0,411.0,1.0,0.0,0,Belgian_Pro_League,2021_2022,1926.0,576.0,621.0,48.0
199,Oostende,33,34,77,9,3,409.0,368.0,71.0,552.0,435.0,443.0,5.0,10.0,1,Belgian_Pro_League,2022_2023,2048.0,596.0,602.0,49.0
200,Osasuna,29,38,84,2,1,498.0,391.0,66.0,864.0,368.0,331.0,3.0,7.0,2,La_Liga,2021_2022,2118.0,808.0,743.0,52.0
200,Osasuna,26,38,93,7,1,544.0,410.0,60.0,794.0,315.0,328.0,5.0,4.0,2,La_Liga,2022_2023,1930.0,613.0,628.0,49.0
200,Osasuna,29,38,78,5,1,518.0,392.0,68.0,813.0,263.0,311.0,4.0,2.0,0,La_Liga,2023_2024,1802.0,750.0,655.0,53.0
201,PAOK,28,36,83,1,1,,,,,,,,,0,Super_League_Greece,2023_2024,,,,
201,PAOK,33,36,82,2,1,,,,,,,,,0,Super_League_Greece,2021_2022,,,,
201,PAOK,30,36,77,3,0,,,,,,,,,0,Super_League_Greece,2022_2023,,,,
202,PAS Giannina,34,33,100,5,3,,,,,,,,,1,Super_League_Greece,2023_2024,,,,
202,PAS Giannina,26,36,73,0,0,,,,,,,,,1,Super_League_Greece,2021_2022,,,,
202,PAS Giannina,34,33,75,1,1,,,,,,,,,0,Super_League_Greece,2022_2023,,,,
203,PAS Lamia,32,36,100,4,2,,,,,,,,,3,Super_League_Greece,2023_2024,,,,
203,PAS Lamia,30,33,67,1,0,,,,,,,,,0,Super_League_Greece,2021_2022,,,,
203,PAS Lamia,37,33,84,6,4,,,,,,,,,3,Super_League_Greece,2022_2023,,,,
204,PFC Hebar Pazardzhik,36,35,91,3,2,,,,,,,,,1,Bulgarian_First_League,2022_2023,,,,
204,PFC Hebar Pazardzhik,28,35,84,5,2,,,,,,,,,0,Bulgarian_First_League,2023_2024,,,,
205,PSV Eindhoven,32,34,47,3,1,327.0,305.0,52.0,727.0,304.0,354.0,6.0,2.0,2,Eredivisie,2022_2023,2194.0,560.0,464.0,54.0
205,PSV Eindhoven,30,34,42,0,0,285.0,313.0,54.0,600.0,425.0,388.0,1.0,2.0,2,Eredivisie,2021_2022,2269.0,462.0,366.0,55.0
205,PSV Eindhoven,29,34,32,1,1,280.0,304.0,67.0,813.0,285.0,341.0,6.0,3.0,2,Eredivisie,2023_2024,2020.0,494.0,377.0,56.0
206,Panathinaikos,32,36,73,4,1,,,,,,,,,1,Super_League_Greece,2023_2024,,,,
206,Panathinaikos,28,36,81,4,2,,,,,,,,,0,Super_League_Greece,2021_2022,,,,
206,Panathinaikos,27,36,70,4,2,,,,,,,,,1,Super_League_Greece,2022_2023,,,,
207,Panetolikos,30,33,89,5,4,,,,,,,,,2,Super_League_Greece,2023_2024,,,,
207,Panetolikos,29,33,70,0,0,,,,,,,,,1,Super_League_Greece,2021_2022,,,,
207,Panetolikos,33,33,76,2,1,,,,,,,,,1,Super_League_Greece,2022_2023,,,,
208,Panserraikos,32,33,103,7,2,,,,,,,,,2,Super_League_Greece,2023_2024,,,,
209,Paris S-G,26,38,57,5,2,380.0,416.0,77.0,399.0,296.0,362.0,5.0,5.0,1,Ligue_1,2022_2023,1938.0,245.0,201.0,54.0
209,Paris S-G,29,34,51,3,1,353.0,362.0,53.0,513.0,268.0,360.0,9.0,5.0,0,Ligue_1,2023_2024,1761.0,275.0,267.0,50.0
209,Paris S-G,36,38,79,4,1,357.0,416.0,93.0,459.0,303.0,360.0,6.0,3.0,1,Ligue_1,2021_2022,1824.0,262.0,221.0,54.0
210,Partizan,32,37,63,2,2,,,,,,,,,1,Serbian_SuperLiga,2021_2022,,,,
210,Partizan,30,37,78,2,1,,,,,,,,,2,Serbian_SuperLiga,2022_2023,,,,
210,Partizan,32,37,78,4,3,,,,,,,,,2,Serbian_SuperLiga,2023_2024,,,,
211,Paços,30,34,107,5,2,546.0,547.0,62.0,618.0,376.0,285.0,5.0,6.0,0,Primeira_Liga,2021_2022,1692.0,478.0,530.0,47.0
211,Paços,36,34,111,10,6,514.0,510.0,54.0,740.0,330.0,292.0,3.0,3.0,4,Primeira_Liga,2022_2023,1617.0,402.0,477.0,45.0
212,Pendikspor,35,38,89,6,5,456.0,436.0,81.0,786.0,339.0,408.0,,,2,Super_Lig,2023_2024,,,,
213,Piast Gliwice,29,34,50,0,0,,,,,,,,,1,Ekstraklasa,2021_2022,,,,
213,Piast Gliwice,25,34,65,2,0,,,,,,,,,1,Ekstraklasa,2022_2023,,,,
213,Piast Gliwice,29,34,74,3,1,,,,,,,,,1,Ekstraklasa,2023_2024,,,,
214,Pirin Blagoevgrad,35,35,112,4,3,,,,,,,,,3,Bulgarian_First_League,2022_2023,,,,
214,Pirin Blagoevgrad,35,35,95,5,3,,,,,,,,,2,Bulgarian_First_League,2023_2024,,,,
214,Pirin Blagoevgrad,36,32,94,5,3,,,,,,,,,0,Bulgarian_First_League,2021_2022,,,,
215,Pogoń Szczecin,27,34,63,3,2,,,,,,,,,3,Ekstraklasa,2021_2022,,,,
215,Pogoń Szczecin,30,34,69,1,0,,,,,,,,,0,Ekstraklasa,2022_2023,,,,
215,Pogoń Szczecin,29,34,67,2,2,,,,,,,,,1,Ekstraklasa,2023_2024,,,,
216,Portimonense,31,34,94,5,0,487.0,396.0,69.0,596.0,356.0,413.0,3.0,6.0,5,Primeira_Liga,2023_2024,1673.0,448.0,549.0,44.0
216,Portimonense,35,34,114,7,3,483.0,496.0,78.0,510.0,355.0,280.0,2.0,2.0,2,Primeira_Liga,2021_2022,1731.0,577.0,517.0,52.0
216,Portimonense,35,34,99,4,2,496.0,421.0,72.0,653.0,339.0,331.0,6.0,4.0,1,Primeira_Liga,2022_2023,1844.0,616.0,501.0,55.0
217,Porto,32,34,95,10,4,475.0,531.0,71.0,710.0,215.0,308.0,7.0,6.0,2,Primeira_Liga,2023_2024,1565.0,508.0,455.0,52.0
217,Porto,33,34,81,6,3,501.0,445.0,54.0,588.0,323.0,340.0,9.0,3.0,0,Primeira_Liga,2021_2022,1888.0,506.0,490.0,50.0
217,Porto,28,34,77,5,3,500.0,473.0,79.0,634.0,333.0,358.0,8.0,4.0,3,Primeira_Liga,2022_2023,1925.0,606.0,421.0,59.0
218,Proleter NS,37,37,113,4,4,,,,,,,,,1,Serbian_SuperLiga,2021_2022,,,,
219,Puszcza Niepołomice,33,34,93,4,2,,,,,,,,,1,Ekstraklasa,2023_2024,,,,
220,R.F.C. Seraing,29,34,66,6,3,327.0,413.0,47.0,485.0,435.0,351.0,2.0,12.0,4,Belgian_Pro_League,2021_2022,1817.0,405.0,616.0,39.0
220,R.F.C. Seraing,31,34,87,8,3,423.0,393.0,58.0,472.0,437.0,335.0,5.0,7.0,3,Belgian_Pro_League,2022_2023,1868.0,402.0,493.0,44.0
221,RB Leipzig,25,34,69,2,1,393.0,402.0,80.0,489.0,310.0,312.0,5.0,8.0,2,Bundesliga,2022_2023,1966.0,440.0,433.0,50.0
221,RB Leipzig,29,34,49,0,0,360.0,426.0,66.0,523.0,349.0,289.0,5.0,3.0,1,Bundesliga,2021_2022,1994.0,504.0,420.0,54.0
221,RB Leipzig,26,34,61,1,1,354.0,388.0,67.0,608.0,240.0,317.0,7.0,5.0,1,Bundesliga,2023_2024,1743.0,426.0,394.0,52.0
222,RB Salzburg,31,32,70,4,3,434.0,332.0,104.0,559.0,410.0,353.0,,,0,Austrian_Bundesliga,2022_2023,,,,
222,RB Salzburg,31,32,52,0,0,379.0,349.0,83.0,739.0,379.0,314.0,,,1,Austrian_Bundesliga,2021_2022,,,,
222,RB Salzburg,30,32,54,2,1,352.0,325.0,69.0,562.0,374.0,332.0,,,1,Austrian_Bundesliga,2023_2024,,,,
223,RKC Waalwijk,27,34,57,2,0,342.0,277.0,55.0,476.0,312.0,333.0,3.0,8.0,1,Eredivisie,2022_2023,1840.0,334.0,373.0,47.0
223,RKC Waalwijk,26,34,54,1,0,386.0,303.0,55.0,546.0,428.0,293.0,1.0,8.0,0,Eredivisie,2021_2022,2073.0,534.0,508.0,51.0
223,RKC Waalwijk,26,34,58,4,1,355.0,303.0,29.0,579.0,277.0,357.0,2.0,7.0,2,Eredivisie,2023_2024,1729.0,531.0,449.0,54.0
224,RKS Raków,36,34,78,4,3,,,,,,,,,0,Ekstraklasa,2021_2022,,,,
224,RKS Raków,30,34,79,3,1,,,,,,,,,0,Ekstraklasa,2022_2023,,,,
224,RKS Raków,34,34,71,3,3,,,,,,,,,2,Ekstraklasa,2023_2024,,,,
225,RWD Molenbeek,38,30,65,6,4,368.0,278.0,58.0,404.0,318.0,342.0,0.0,15.0,2,Belgian_Pro_League,2023_2024,1695.0,516.0,420.0,55.0
226,Radnik Surdulica,31,37,88,4,4,,,,,,,,,1,Serbian_SuperLiga,2021_2022,,,,
226,Radnik Surdulica,36,37,77,2,1,,,,,,,,,0,Serbian_SuperLiga,2022_2023,,,,
226,Radnik Surdulica,33,37,75,2,1,,,,,,,,,4,Serbian_SuperLiga,2023_2024,,,,
227,Radnički Kragujevac,42,37,95,5,1,,,,,,,,,3,Serbian_SuperLiga,2021_2022,,,,
227,Radnički Kragujevac,40,37,99,5,3,,,,,,,,,1,Serbian_SuperLiga,2022_2023,,,,
227,Radnički Kragujevac,37,37,109,4,4,,,,,,,,,0,Serbian_SuperLiga,2023_2024,,,,
228,Radnički Niš,34,37,95,6,3,,,,,,,,,2,Serbian_SuperLiga,2021_2022,,,,
228,Radnički Niš,42,37,94,10,6,,,,,,,,,2,Serbian_SuperLiga,2022_2023,,,,
228,Radnički Niš,40,37,78,1,1,,,,,,,,,1,Serbian_SuperLiga,2023_2024,,,,
229,Radomiak Radom,29,34,72,4,3,,,,,,,,,0,Ekstraklasa,2021_2022,,,,
229,Radomiak Radom,33,34,83,3,2,,,,,,,,,1,Ekstraklasa,2022_2023,,,,
229,Radomiak Radom,34,34,88,7,3,,,,,,,,,3,Ekstraklasa,2023_2024,,,,
230,Randers,31,32,59,1,1,344.0,302.0,50.0,608.0,341.0,323.0,,,3,Danish_Superliga,2022_2023,,,,
230,Randers,27,32,58,2,1,326.0,258.0,71.0,704.0,421.0,388.0,,,1,Danish_Superliga,2021_2022,,,,
230,Randers,31,32,55,2,1,390.0,369.0,74.0,509.0,292.0,294.0,,,1,Danish_Superliga,2023_2024,,,,
231,Rapid Wien,29,32,78,5,1,462.0,407.0,71.0,678.0,460.0,325.0,,,1,Austrian_Bundesliga,2022_2023,,,,
231,Rapid Wien,39,32,71,3,1,454.0,446.0,51.0,596.0,400.0,334.0,,,1,Austrian_Bundesliga,2021_2022,,,,
231,Rapid Wien,31,32,69,4,2,390.0,397.0,72.0,593.0,352.0,281.0,,,1,Austrian_Bundesliga,2023_2024,,,,
232,Rayo Vallecano,28,38,101,3,1,537.0,511.0,83.0,862.0,365.0,359.0,4.0,9.0,1,La_Liga,2021_2022,2110.0,652.0,655.0,49.0
232,Rayo Vallecano,28,38,90,6,2,544.0,490.0,98.0,832.0,309.0,393.0,2.0,5.0,4,La_Liga,2022_2023,2085.0,437.0,527.0,45.0
232,Rayo Vallecano,26,38,108,5,3,563.0,518.0,96.0,688.0,308.0,372.0,3.0,2.0,2,La_Liga,2023_2024,1908.0,506.0,578.0,46.0
233,Real Madrid,31,38,76,0,0,394.0,474.0,106.0,611.0,334.0,345.0,10.0,5.0,0,La_Liga,2021_2022,1941.0,397.0,319.0,55.0
233,Real Madrid,26,38,72,3,2,367.0,530.0,89.0,574.0,296.0,353.0,8.0,5.0,1,La_Liga,2022_2023,1843.0,339.0,231.0,59.0
233,Real Madrid,27,38,69,4,1,368.0,523.0,79.0,618.0,296.0,368.0,3.0,1.0,1,La_Liga,2023_2024,1766.0,329.0,272.0,54.0
234,Real Sociedad,32,38,77,4,1,491.0,465.0,76.0,638.0,348.0,339.0,8.0,6.0,0,La_Liga,2021_2022,2012.0,678.0,597.0,53.0
234,Real Sociedad,30,38,90,2,0,621.0,452.0,91.0,538.0,271.0,395.0,4.0,2.0,2,La_Liga,2022_2023,2018.0,664.0,557.0,54.0
234,Real Sociedad,31,38,98,2,0,604.0,442.0,92.0,672.0,253.0,405.0,1.0,7.0,1,La_Liga,2023_2024,1816.0,759.0,714.0,51.0
235,Red Star,36,37,66,0,0,,,,,,,,,2,Serbian_SuperLiga,2021_2022,,,,
235,Red Star,37,37,68,0,0,,,,,,,,,0,Serbian_SuperLiga,2022_2023,,,,
235,Red Star,34,37,50,0,0,,,,,,,,,1,Serbian_SuperLiga,2023_2024,,,,
236,Reims,34,38,70,9,2,507.0,423.0,85.0,707.0,397.0,407.0,7.0,3.0,2,Ligue_1,2022_2023,2368.0,472.0,465.0,50.0
236,Reims,29,34,70,3,2,444.0,324.0,84.0,618.0,342.0,392.0,4.0,7.0,1,Ligue_1,2023_2024,1825.0,395.0,390.0,50.0
236,Reims,35,38,68,7,4,449.0,451.0,76.0,629.0,493.0,365.0,5.0,7.0,0,Ligue_1,2021_2022,2074.0,453.0,495.0,47.0
237,Rennes,32,38,58,6,2,465.0,379.0,54.0,564.0,341.0,335.0,3.0,5.0,1,Ligue_1,2022_2023,2035.0,538.0,520.0,50.0
237,Rennes,29,34,66,4,0,424.0,438.0,36.0,554.0,328.0,311.0,10.0,3.0,3,Ligue_1,2023_2024,1669.0,386.0,424.0,47.0
237,Rennes,28,38,56,2,1,434.0,377.0,59.0,698.0,315.0,318.0,4.0,6.0,1,Ligue_1,2021_2022,1904.0,547.0,534.0,50.0
238,Ried,33,32,63,8,4,350.0,377.0,76.0,453.0,469.0,349.0,,,3,Austrian_Bundesliga,2022_2023,,,,
238,Ried,26,32,53,4,1,370.0,379.0,60.0,387.0,445.0,314.0,,,1,Austrian_Bundesliga,2021_2022,,,,
239,Rio Ave,33,34,98,4,4,507.0,480.0,79.0,539.0,289.0,329.0,7.0,4.0,1,Primeira_Liga,2023_2024,1530.0,484.0,474.0,50.0
239,Rio Ave,30,34,92,6,1,506.0,494.0,70.0,609.0,298.0,334.0,5.0,4.0,3,Primeira_Liga,2022_2023,1699.0,407.0,462.0,46.0
240,Rizespor,29,38,91,3,1,499.0,443.0,66.0,693.0,354.0,420.0,,,0,Super_Lig,2023_2024,,,,
240,Rizespor,36,38,80,7,4,473.0,506.0,50.0,746.0,398.0,372.0,,,1,Super_Lig,2021_2022,,,,
241,Roma,30,38,83,4,2,446.0,505.0,56.0,595.0,368.0,340.0,6.0,3.0,1,Serie_A,2022_2023,1981.0,543.0,429.0,55.0
241,Roma,30,38,95,3,1,455.0,430.0,66.0,654.0,242.0,336.0,7.0,5.0,3,Serie_A,2023_2024,1602.0,478.0,443.0,51.0
241,Roma,29,38,111,8,6,500.0,474.0,60.0,735.0,385.0,362.0,5.0,6.0,2,Serie_A,2021_2022,1980.0,524.0,441.0,54.0
242,Ruch Chorzów,37,34,76,5,1,,,,,,,,,3,Ekstraklasa,2023_2024,,,,
243,SC Austria Lustenau,26,32,62,4,3,406.0,412.0,69.0,485.0,420.0,385.0,,,2,Austrian_Bundesliga,2022_2023,,,,
243,SC Austria Lustenau,30,32,67,6,2,385.0,312.0,52.0,382.0,425.0,296.0,,,4,Austrian_Bundesliga,2023_2024,,,,
244,SCR Altach,32,32,75,3,3,413.0,387.0,41.0,563.0,403.0,348.0,,,0,Austrian_Bundesliga,2022_2023,,,,
244,SCR Altach,32,32,83,6,2,439.0,384.0,47.0,532.0,421.0,332.0,,,2,Austrian_Bundesliga,2021_2022,,,,
244,SCR Altach,29,32,91,3,2,481.0,380.0,84.0,708.0,418.0,339.0,,,2,Austrian_Bundesliga,2023_2024,,,,
245,SK Austria Klagenfurt,25,32,61,2,0,372.0,404.0,46.0,528.0,458.0,328.0,,,1,Austrian_Bundesliga,2022_2023,,,,
245,SK Austria Klagenfurt,28,32,66,11,1,365.0,359.0,41.0,509.0,459.0,323.0,,,0,Austrian_Bundesliga,2021_2022,,,,
245,SK Austria Klagenfurt,23,32,66,0,0,341.0,345.0,61.0,479.0,432.0,371.0,,,1,Austrian_Bundesliga,2023_2024,,,,
246,Saint-Étienne,39,38,81,5,1,464.0,441.0,51.0,697.0,452.0,397.0,4.0,8.0,4,Ligue_1,2021_2022,2152.0,463.0,611.0,43.0
247,Salernitana,30,38,85,4,1,473.0,439.0,67.0,559.0,329.0,337.0,1.0,11.0,0,Serie_A,2022_2023,1981.0,528.0,585.0,47.0
247,Salernitana,39,38,91,3,1,450.0,470.0,61.0,596.0,279.0,327.0,1.0,10.0,2,Serie_A,2023_2024,1634.0,520.0,662.0,44.0
247,Salernitana,42,38,94,5,3,494.0,522.0,41.0,698.0,353.0,321.0,4.0,8.0,2,Serie_A,2021_2022,1849.0,657.0,506.0,56.0
248,Sampdoria,40,38,108,3,2,507.0,512.0,55.0,599.0,317.0,351.0,1.0,11.0,2,Serie_A,2022_2023,1913.0,617.0,636.0,49.0
248,Sampdoria,34,38,94,4,1,495.0,513.0,82.0,645.0,443.0,327.0,3.0,4.0,2,Serie_A,2021_2022,2044.0,609.0,506.0,54.0
249,Samsunspor,33,38,80,3,1,552.0,384.0,72.0,682.0,376.0,400.0,,,1,Super_Lig,2023_2024,,,,
250,Santa Clara,32,34,101,9,7,523.0,504.0,75.0,478.0,378.0,323.0,1.0,8.0,0,Primeira_Liga,2021_2022,1683.0,467.0,487.0,49.0
250,Santa Clara,34,34,114,7,4,507.0,478.0,83.0,564.0,314.0,342.0,5.0,13.0,3,Primeira_Liga,2022_2023,1789.0,509.0,522.0,49.0
251,Sassuolo,31,38,90,6,3,408.0,443.0,43.0,625.0,278.0,281.0,6.0,4.0,2,Serie_A,2022_2023,1756.0,375.0,438.0,46.0
251,Sassuolo,30,38,71,4,2,387.0,398.0,26.0,661.0,267.0,310.0,6.0,11.0,4,Serie_A,2023_2024,1600.0,452.0,607.0,42.0
251,Sassuolo,29,38,92,4,2,461.0,479.0,43.0,541.0,314.0,271.0,6.0,9.0,1,Serie_A,2021_2022,1926.0,343.0,404.0,45.0
252,Schalke 04,35,34,68,1,0,427.0,391.0,70.0,764.0,306.0,329.0,3.0,6.0,1,Bundesliga,2022_2023,1896.0,692.0,739.0,48.0
253,Septemvri Sofia,37,35,91,4,2,,,,,,,,,1,Bulgarian_First_League,2022_2023,,,,
254,Sevilla,33,38,97,4,2,462.0,462.0,80.0,787.0,270.0,302.0,3.0,4.0,0,La_Liga,2021_2022,2064.0,595.0,561.0,51.0
254,Sevilla,35,38,121,13,4,474.0,460.0,106.0,827.0,339.0,367.0,4.0,3.0,3,La_Liga,2022_2023,1973.0,497.0,475.0,51.0
254,Sevilla,35,38,108,4,0,477.0,443.0,77.0,934.0,313.0,463.0,1.0,5.0,2,La_Liga,2023_2024,1901.0,610.0,525.0,53.0
255,Sheffield Utd,35,38,101,5,3,423.0,318.0,64.0,428.0,348.0,405.0,3.0,7.0,7,Premier_League,2023_2024,1638.0,585.0,693.0,45.0
256,Silkeborg,30,32,36,1,0,227.0,250.0,35.0,422.0,255.0,328.0,,,1,Danish_Superliga,2022_2023,,,,
256,Silkeborg,26,32,30,1,0,232.0,242.0,38.0,443.0,337.0,307.0,,,0,Danish_Superliga,2021_2022,,,,
256,Silkeborg,28,32,39,1,0,254.0,306.0,40.0,444.0,221.0,317.0,,,1,Danish_Superliga,2023_2024,,,,
257,Sint-Truiden,25,30,46,1,0,282.0,336.0,60.0,485.0,337.0,278.0,3.0,5.0,0,Belgian_Pro_League,2023_2024,1617.0,420.0,379.0,52.0
257,Sint-Truiden,32,34,80,4,2,461.0,368.0,57.0,609.0,413.0,382.0,4.0,4.0,0,Belgian_Pro_League,2021_2022,1896.0,628.0,609.0,50.0
257,Sint-Truiden,24,34,63,7,2,424.0,356.0,55.0,540.0,505.0,389.0,6.0,5.0,2,Belgian_Pro_League,2022_2023,1898.0,615.0,570.0,51.0
258,Sivasspor,34,38,78,3,1,434.0,478.0,63.0,536.0,296.0,329.0,,,1,Super_Lig,2023_2024,,,,
258,Sivasspor,32,38,75,5,2,493.0,433.0,109.0,803.0,427.0,382.0,,,2,Super_Lig,2021_2022,,,,
258,Sivasspor,29,35,59,4,3,404.0,400.0,83.0,691.0,369.0,367.0,,,1,Super_Lig,2022_2023,,,,
259,Slavia Sofia,30,36,92,2,1,,,,,,,,,2,Bulgarian_First_League,2022_2023,,,,
259,Slavia Sofia,34,36,92,3,2,,,,,,,,,1,Bulgarian_First_League,2023_2024,,,,
259,Slavia Sofia,36,31,87,7,3,,,,,,,,,1,Bulgarian_First_League,2021_2022,,,,
260,Southampton,36,38,73,0,0,430.0,378.0,57.0,613.0,427.0,426.0,3.0,3.0,5,Premier_League,2022_2023,2130.0,551.0,611.0,47.0
260,Southampton,25,38,65,2,1,402.0,363.0,42.0,711.0,446.0,340.0,4.0,2.0,2,Premier_League,2021_2022,2224.0,672.0,726.0,48.0
261,Sparta R'dam,30,34,42,3,1,324.0,299.0,44.0,624.0,315.0,290.0,4.0,3.0,1,Eredivisie,2022_2023,1780.0,713.0,564.0,55.0
261,Sparta R'dam,32,34,58,3,0,345.0,288.0,49.0,499.0,379.0,355.0,1.0,6.0,2,Eredivisie,2021_2022,1941.0,649.0,629.0,50.0
261,Sparta R'dam,26,34,39,2,0,286.0,331.0,43.0,652.0,258.0,339.0,4.0,5.0,1,Eredivisie,2023_2024,1606.0,630.0,581.0,52.0
262,Spartak Subotic,43,37,73,2,0,,,,,,,,,2,Serbian_SuperLiga,2021_2022,,,,
262,Spartak Subotic,34,37,89,5,1,,,,,,,,,0,Serbian_SuperLiga,2022_2023,,,,
262,Spartak Subotic,38,37,62,4,1,,,,,,,,,3,Serbian_SuperLiga,2023_2024,,,,
263,Spezia,34,38,103,6,4,519.0,379.0,55.0,655.0,301.0,359.0,2.0,7.0,3,Serie_A,2022_2023,2033.0,535.0,570.0,48.0
263,Spezia,30,38,88,4,1,508.0,439.0,77.0,534.0,372.0,343.0,4.0,13.0,3,Serie_A,2021_2022,1994.0,530.0,589.0,47.0
264,Sporting CP,29,34,80,3,2,393.0,415.0,67.0,689.0,216.0,354.0,3.0,4.0,0,Primeira_Liga,2023_2024,1675.0,386.0,327.0,54.0
264,Sporting CP,31,34,99,6,2,471.0,490.0,84.0,793.0,341.0,333.0,8.0,2.0,2,Primeira_Liga,2021_2022,1820.0,390.0,347.0,52.0
264,Sporting CP,32,34,88,3,1,425.0,409.0,70.0,843.0,293.0,352.0,8.0,4.0,1,Primeira_Liga,2022_2023,1881.0,355.0,293.0,54.0
265,Stal Mielec,35,34,78,3,2,,,,,,,,,4,Ekstraklasa,2021_2022,,,,
265,Stal Mielec,26,34,59,3,1,,,,,,,,,1,Ekstraklasa,2022_2023,,,,
265,Stal Mielec,26,34,61,3,1,,,,,,,,,1,Ekstraklasa,2023_2024,,,,
266,Standard Liège,34,30,55,4,2,336.0,366.0,63.0,534.0,324.0,326.0,2.0,7.0,0,Belgian_Pro_League,2023_2024,1591.0,479.0,472.0,50.0
266,Standard Liège,38,34,113,6,2,523.0,406.0,66.0,549.0,423.0,405.0,3.0,2.0,1,Belgian_Pro_League,2021_2022,1862.0,535.0,535.0,50.0
266,Standard Liège,30,34,84,10,6,397.0,403.0,64.0,539.0,365.0,405.0,7.0,6.0,3,Belgian_Pro_League,2022_2023,1898.0,353.0,378.0,48.0
267,Strasbourg,29,38,73,7,2,529.0,474.0,43.0,647.0,437.0,409.0,6.0,11.0,0,Ligue_1,2022_2023,2132.0,677.0,573.0,54.0
267,Strasbourg,30,34,59,2,1,462.0,413.0,35.0,554.0,347.0,383.0,4.0,5.0,3,Ligue_1,2023_2024,1568.0,374.0,413.0,47.0
267,Strasbourg,26,38,72,3,1,497.0,400.0,61.0,797.0,433.0,392.0,6.0,4.0,1,Ligue_1,2021_2022,2092.0,654.0,521.0,55.0
268,Sturm Graz,30,32,59,1,1,431.0,377.0,78.0,634.0,482.0,325.0,,,1,Austrian_Bundesliga,2022_2023,,,,
268,Sturm Graz,24,32,52,2,1,400.0,399.0,66.0,633.0,440.0,332.0,,,2,Austrian_Bundesliga,2021_2022,,,,
268,Sturm Graz,27,32,60,6,0,398.0,352.0,56.0,578.0,409.0,346.0,,,3,Austrian_Bundesliga,2023_2024,,,,
269,Stuttgart,30,34,72,5,4,346.0,407.0,56.0,597.0,308.0,316.0,4.0,6.0,1,Bundesliga,2022_2023,1989.0,547.0,470.0,53.0
269,Stuttgart,34,34,64,2,1,371.0,419.0,53.0,550.0,342.0,307.0,1.0,4.0,1,Bundesliga,2021_2022,2021.0,586.0,451.0,56.0
269,Stuttgart,27,34,56,1,1,329.0,373.0,50.0,537.0,269.0,316.0,7.0,3.0,3,Bundesliga,2023_2024,1754.0,430.0,429.0,50.0
270,SønderjyskE,33,32,60,2,2,343.0,348.0,49.0,507.0,365.0,333.0,,,1,Danish_Superliga,2021_2022,,,,
271,TSC Bačka Top,33,37,77,0,0,,,,,,,,,1,Serbian_SuperLiga,2021_2022,,,,
271,TSC Bačka Top,30,37,105,2,0,,,,,,,,,1,Serbian_SuperLiga,2022_2023,,,,
271,TSC Bačka Top,26,37,87,2,1,,,,,,,,,0,Serbian_SuperLiga,2023_2024,,,,
272,Tondela,27,34,101,6,3,501.0,549.0,59.0,457.0,348.0,376.0,6.0,8.0,1,Primeira_Liga,2021_2022,1696.0,403.0,474.0,46.0
273,Torino,28,38,81,0,0,506.0,382.0,80.0,610.0,292.0,265.0,2.0,6.0,0,Serie_A,2022_2023,2010.0,590.0,629.0,48.0
273,Torino,30,38,75,2,1,471.0,419.0,63.0,761.0,329.0,275.0,2.0,7.0,0,Serie_A,2023_2024,1679.0,588.0,594.0,49.0
273,Torino,31,38,89,3,2,636.0,460.0,84.0,663.0,423.0,314.0,4.0,11.0,0,Serie_A,2021_2022,2113.0,781.0,891.0,46.0
274,Tottenham,29,38,92,4,2,425.0,510.0,83.0,710.0,355.0,451.0,2.0,7.0,3,Premier_League,2023_2024,1907.0,359.0,388.0,48.0
274,Tottenham,29,38,77,3,1,424.0,353.0,67.0,719.0,340.0,353.0,5.0,4.0,1,Premier_League,2022_2023,1984.0,549.0,474.0,53.0
274,Tottenham,25,38,69,1,1,386.0,406.0,62.0,632.0,355.0,349.0,3.0,2.0,1,Premier_League,2021_2022,1893.0,560.0,500.0,52.0
275,Toulouse,29,38,62,3,3,473.0,413.0,74.0,660.0,409.0,406.0,2.0,7.0,3,Ligue_1,2022_2023,2168.0,483.0,460.0,51.0
275,Toulouse,26,34,77,1,1,501.0,448.0,50.0,526.0,294.0,358.0,9.0,4.0,0,Ligue_1,2023_2024,1759.0,472.0,421.0,52.0
276,Trabzonspor,33,38,65,1,1,461.0,500.0,47.0,657.0,311.0,373.0,,,1,Super_Lig,2023_2024,,,,
276,Trabzonspor,31,38,65,4,3,407.0,413.0,58.0,599.0,428.0,372.0,,,1,Super_Lig,2021_2022,,,,
276,Trabzonspor,37,35,68,5,1,434.0,410.0,59.0,686.0,352.0,327.0,,,2,Super_Lig,2022_2023,,,,
277,Troyes,32,38,55,5,1,402.0,404.0,57.0,517.0,398.0,361.0,4.0,8.0,2,Ligue_1,2022_2023,1986.0,476.0,495.0,49.0
277,Troyes,35,38,75,6,3,442.0,473.0,53.0,708.0,430.0,351.0,7.0,10.0,2,Ligue_1,2021_2022,1987.0,417.0,460.0,47.0
278,Tsarsko Selo,46,32,91,6,3,,,,,,,,,1,Bulgarian_First_League,2021_2022,,,,
279,Twente,26,34,45,1,0,359.0,321.0,48.0,755.0,318.0,373.0,1.0,2.0,1,Eredivisie,2022_2023,2140.0,491.0,553.0,47.0
279,Twente,28,34,54,3,2,373.0,375.0,39.0,527.0,364.0,361.0,5.0,1.0,2,Eredivisie,2021_2022,2129.0,679.0,712.0,48.0
279,Twente,26,34,51,3,1,333.0,365.0,59.0,762.0,269.0,323.0,1.0,6.0,2,Eredivisie,2023_2024,1819.0,496.0,584.0,45.0
280,Udinese,30,38,88,3,1,478.0,476.0,51.0,564.0,314.0,365.0,1.0,7.0,2,Serie_A,2022_2023,1916.0,477.0,406.0,54.0
280,Udinese,32,38,94,5,3,496.0,418.0,57.0,556.0,327.0,381.0,4.0,9.0,1,Serie_A,2023_2024,1752.0,561.0,467.0,54.0
280,Udinese,29,38,95,6,3,564.0,461.0,78.0,519.0,351.0,350.0,4.0,7.0,1,Serie_A,2021_2022,2027.0,453.0,534.0,45.0
281,Union Berlin,28,34,65,2,1,445.0,345.0,62.0,708.0,262.0,278.0,4.0,7.0,0,Bundesliga,2022_2023,1833.0,767.0,755.0,50.0
281,Union Berlin,28,34,62,1,1,423.0,333.0,64.0,663.0,376.0,296.0,2.0,2.0,4,Bundesliga,2021_2022,1975.0,584.0,681.0,46.0
281,Union Berlin,30,34,67,7,3,402.0,339.0,61.0,662.0,305.0,352.0,3.0,7.0,1,Bundesliga,2023_2024,1705.0,620.0,619.0,50.0
282,Union SG,26,30,69,2,1,366.0,340.0,57.0,563.0,349.0,412.0,10.0,3.0,0,Belgian_Pro_League,2023_2024,1873.0,490.0,458.0,51.0
282,Union SG,25,34,77,4,1,444.0,380.0,63.0,574.0,451.0,423.0,6.0,5.0,0,Belgian_Pro_League,2021_2022,1825.0,470.0,389.0,54.0
282,Union SG,26,34,81,4,0,395.0,362.0,60.0,620.0,430.0,381.0,6.0,9.0,2,Belgian_Pro_League,2022_2023,2025.0,461.0,346.0,57.0
283,Utrecht,33,34,52,1,0,312.0,292.0,36.0,694.0,340.0,350.0,4.0,1.0,0,Eredivisie,2022_2023,1934.0,572.0,493.0,53.0
283,Utrecht,36,34,53,0,0,365.0,345.0,44.0,730.0,399.0,358.0,5.0,4.0,3,Eredivisie,2021_2022,2079.0,662.0,608.0,52.0
283,Utrecht,35,34,47,2,1,362.0,345.0,49.0,796.0,246.0,359.0,1.0,6.0,1,Eredivisie,2023_2024,1670.0,498.0,488.0,50.0
284,Valencia,34,38,134,8,6,641.0,586.0,52.0,765.0,339.0,364.0,8.0,8.0,3,La_Liga,2021_2022,2079.0,564.0,599.0,48.0
284,Valencia,28,38,93,8,3,504.0,510.0,80.0,924.0,288.0,428.0,6.0,5.0,2,La_Liga,2022_2023,2015.0,492.0,561.0,46.0
284,Valencia,29,38,64,5,2,481.0,475.0,69.0,593.0,324.0,379.0,7.0,6.0,2,La_Liga,2023_2024,1863.0,485.0,628.0,43.0
285,Valladolid,36,38,94,6,2,460.0,516.0,98.0,683.0,345.0,396.0,4.0,10.0,1,La_Liga,2022_2023,1966.0,471.0,617.0,43.0
286,Vejle BK,40,32,80,3,3,343.0,377.0,69.0,614.0,383.0,319.0,,,0,Danish_Superliga,2021_2022,,,,
286,Vejle BK,30,32,77,3,1,419.0,315.0,67.0,531.0,327.0,354.0,,,1,Danish_Superliga,2023_2024,,,,
287,Venezia,39,38,110,9,2,522.0,457.0,61.0,585.0,388.0,352.0,5.0,12.0,2,Serie_A,2021_2022,1942.0,564.0,583.0,49.0
288,Viborg,29,32,54,2,2,321.0,280.0,33.0,645.0,315.0,296.0,,,0,Danish_Superliga,2022_2023,,,,
288,Viborg,29,32,74,3,2,391.0,272.0,40.0,622.0,302.0,318.0,,,0,Danish_Superliga,2021_2022,,,,
288,Viborg,29,32,56,2,0,356.0,359.0,37.0,597.0,270.0,309.0,,,1,Danish_Superliga,2023_2024,,,,
289,Villarreal,29,38,81,1,1,472.0,459.0,91.0,574.0,329.0,312.0,3.0,5.0,1,La_Liga,2021_2022,1946.0,491.0,437.0,52.0
289,Villarreal,32,38,91,4,2,450.0,482.0,87.0,520.0,262.0,370.0,5.0,4.0,1,La_Liga,2022_2023,1819.0,357.0,375.0,48.0
289,Villarreal,32,38,110,8,4,488.0,462.0,92.0,592.0,304.0,348.0,5.0,6.0,1,La_Liga,2023_2024,1697.0,474.0,357.0,57.0
290,Vitesse,30,34,51,5,1,370.0,319.0,55.0,656.0,315.0,321.0,1.0,2.0,1,Eredivisie,2022_2023,2050.0,501.0,541.0,48.0
290,Vitesse,29,34,69,6,2,397.0,356.0,58.0,652.0,373.0,355.0,3.0,5.0,2,Eredivisie,2021_2022,2101.0,581.0,571.0,50.0
290,Vitesse,31,34,62,5,3,400.0,318.0,50.0,597.0,302.0,321.0,0.0,7.0,1,Eredivisie,2023_2024,1668.0,574.0,520.0,52.0
291,Vitória,27,34,94,3,0,483.0,414.0,80.0,721.0,277.0,320.0,7.0,6.0,1,Primeira_Liga,2023_2024,1683.0,627.0,523.0,54.0
291,Vitória,31,34,120,8,6,553.0,457.0,59.0,661.0,322.0,290.0,7.0,7.0,0,Primeira_Liga,2021_2022,1629.0,490.0,503.0,49.0
291,Vitória,34,34,118,10,6,522.0,511.0,57.0,614.0,350.0,353.0,5.0,3.0,1,Primeira_Liga,2022_2023,1765.0,468.0,549.0,46.0
292,Vizela,31,34,82,5,3,503.0,470.0,54.0,689.0,266.0,312.0,4.0,6.0,2,Primeira_Liga,2023_2024,1578.0,508.0,523.0,49.0
292,Vizela,31,34,99,6,1,499.0,435.0,72.0,679.0,384.0,322.0,3.0,11.0,2,Primeira_Liga,2021_2022,1741.0,487.0,544.0,47.0
292,Vizela,30,34,102,5,3,442.0,434.0,70.0,571.0,381.0,319.0,3.0,9.0,1,Primeira_Liga,2022_2023,1778.0,471.0,516.0,47.0
293,Vojvodina,29,37,93,5,3,,,,,,,,,2,Serbian_SuperLiga,2021_2022,,,,
293,Vojvodina,29,37,65,4,3,,,,,,,,,0,Serbian_SuperLiga,2022_2023,,,,
293,Vojvodina,33,37,81,3,1,,,,,,,,,2,Serbian_SuperLiga,2023_2024,,,,
294,Volendam,31,34,41,3,0,340.0,271.0,64.0,561.0,336.0,381.0,0.0,4.0,4,Eredivisie,2022_2023,1993.0,520.0,578.0,47.0
294,Volendam,37,34,58,3,2,318.0,257.0,54.0,539.0,299.0,367.0,1.0,1.0,0,Eredivisie,2023_2024,1510.0,568.0,576.0,49.0
295,Volos NFC,33,33,109,6,4,,,,,,,,,1,Super_League_Greece,2023_2024,,,,
295,Volos NFC,28,33,87,5,3,,,,,,,,,1,Super_League_Greece,2021_2022,,,,
295,Volos NFC,36,36,87,5,2,,,,,,,,,1,Super_League_Greece,2022_2023,,,,
296,Voždovac,30,37,72,2,1,,,,,,,,,1,Serbian_SuperLiga,2021_2022,,,,
296,Voždovac,38,37,94,6,2,,,,,,,,,1,Serbian_SuperLiga,2022_2023,,,,
296,Voždovac,35,37,94,5,1,,,,,,,,,3,Serbian_SuperLiga,2023_2024,,,,
297,WSG Tirol,26,32,69,3,2,388.0,327.0,51.0,567.0,346.0,292.0,,,2,Austrian_Bundesliga,2022_2023,,,,
297,WSG Tirol,28,32,77,2,0,402.0,346.0,56.0,477.0,407.0,308.0,,,2,Austrian_Bundesliga,2021_2022,,,,
297,WSG Tirol,27,32,74,5,2,387.0,355.0,36.0,539.0,356.0,364.0,,,0,Austrian_Bundesliga,2023_2024,,,,
298,Warta Poznań,34,34,70,2,1,,,,,,,,,3,Ekstraklasa,2021_2022,,,,
298,Warta Poznań,29,34,71,1,1,,,,,,,,,3,Ekstraklasa,2022_2023,,,,
298,Warta Poznań,30,34,72,2,2,,,,,,,,,1,Ekstraklasa,2023_2024,,,,
299,Watford,30,38,63,3,3,442.0,352.0,53.0,610.0,444.0,356.0,2.0,7.0,3,Premier_League,2021_2022,2154.0,711.0,749.0,48.0
300,Werder Bremen,25,34,76,1,0,426.0,369.0,65.0,514.0,321.0,349.0,3.0,3.0,2,Bundesliga,2022_2023,1987.0,631.0,622.0,50.0
300,Werder Bremen,30,34,73,2,0,396.0,396.0,70.0,543.0,284.0,351.0,5.0,6.0,1,Bundesliga,2023_2024,1758.0,508.0,575.0,46.0
301,West Ham,26,38,82,3,3,390.0,392.0,71.0,661.0,361.0,426.0,4.0,10.0,4,Premier_League,2023_2024,1817.0,576.0,570.0,50.0
301,West Ham,25,38,44,0,0,362.0,316.0,62.0,768.0,408.0,336.0,6.0,6.0,1,Premier_League,2022_2023,2023.0,620.0,587.0,51.0
301,West Ham,25,38,52,3,2,323.0,276.0,59.0,802.0,374.0,301.0,3.0,6.0,2,Premier_League,2021_2022,1970.0,639.0,628.0,50.0
302,Westerlo,32,30,64,2,1,335.0,307.0,52.0,499.0,333.0,345.0,7.0,3.0,2,Belgian_Pro_League,2023_2024,1577.0,439.0,432.0,50.0
302,Westerlo,26,34,59,2,0,312.0,338.0,76.0,564.0,389.0,350.0,10.0,9.0,0,Belgian_Pro_League,2022_2023,1889.0,389.0,457.0,46.0
303,Widzew Łódź,27,34,50,0,0,,,,,,,,,2,Ekstraklasa,2022_2023,,,,
303,Widzew Łódź,29,34,79,3,0,,,,,,,,,1,Ekstraklasa,2023_2024,,,,
304,Willem II,33,34,42,6,2,297.0,301.0,55.0,656.0,311.0,333.0,0.0,3.0,2,Eredivisie,2021_2022,2000.0,487.0,598.0,44.0
305,Wisła Kraków,34,34,69,4,1,,,,,,,,,3,Ekstraklasa,2021_2022,,,,
306,Wisła Płock,32,34,95,5,3,,,,,,,,,3,Ekstraklasa,2021_2022,,,,
306,Wisła Płock,33,34,70,4,1,,,,,,,,,2,Ekstraklasa,2022_2023,,,,
307,Wolfsberger AC,26,32,47,1,0,415.0,352.0,50.0,520.0,408.0,308.0,,,0,Austrian_Bundesliga,2022_2023,,,,
307,Wolfsberger AC,24,32,57,3,1,352.0,421.0,63.0,581.0,432.0,326.0,,,1,Austrian_Bundesliga,2021_2022,,,,
307,Wolfsberger AC,28,32,77,3,3,385.0,341.0,76.0,416.0,406.0,319.0,,,0,Austrian_Bundesliga,2023_2024,,,,
308,Wolfsburg,28,34,63,0,0,390.0,451.0,50.0,568.0,292.0,324.0,6.0,7.0,3,Bundesliga,2022_2023,1800.0,525.0,546.0,49.0
308,Wolfsburg,30,34,61,3,1,411.0,415.0,74.0,619.0,388.0,298.0,3.0,7.0,1,Bundesliga,2021_2022,1984.0,621.0,522.0,54.0
308,Wolfsburg,28,34,86,5,2,415.0,412.0,41.0,593.0,268.0,303.0,3.0,3.0,3,Bundesliga,2023_2024,1580.0,512.0,467.0,52.0
309,Wolves,27,38,102,4,2,476.0,405.0,78.0,578.0,284.0,430.0,4.0,8.0,1,Premier_League,2023_2024,1885.0,441.0,491.0,47.0
309,Wolves,32,38,85,6,1,463.0,389.0,62.0,661.0,279.0,370.0,1.0,4.0,1,Premier_League,2022_2023,2052.0,465.0,542.0,46.0
309,Wolves,26,38,62,2,2,366.0,335.0,61.0,587.0,389.0,377.0,1.0,10.0,1,Premier_League,2021_2022,2104.0,461.0,490.0,48.0
310,Yeni Mal'spor,42,38,76,5,2,412.0,446.0,76.0,554.0,407.0,298.0,,,0,Super_Lig,2021_2022,,,,
311,Zagłębie Lubin,39,34,82,4,2,,,,,,,,,3,Ekstraklasa,2021_2022,,,,
311,Zagłębie Lubin,31,34,50,2,0,,,,,,,,,0,Ekstraklasa,2022_2023,,,,
311,Zagłębie Lubin,26,34,61,6,5,,,,,,,,,1,Ekstraklasa,2023_2024,,,,
312,Zulte Waregem,27,34,75,5,2,364.0,348.0,44.0,593.0,368.0,349.0,3.0,8.0,3,Belgian_Pro_League,2021_2022,1649.0,530.0,452.0,54.0
312,Zulte Waregem,36,34,82,7,3,466.0,400.0,84.0,638.0,378.0,424.0,3.0,9.0,2,Belgian_Pro_League,2022_2023,1973.0,474.0,522.0,47.0
313,Zwolle,32,34,50,2,0,420.0,320.0,63.0,655.0,395.0,343.0,3.0,4.0,3,Eredivisie,2021_2022,2082.0,689.0,749.0,47.0
313,Zwolle,29,34,67,2,1,366.0,277.0,57.0,524.0,312.0,351.0,2.0,10.0,4,Eredivisie,2023_2024,1591.0,526.0,540.0,49.0
314,Ümraniyespor,38,34,77,5,3,438.0,428.0,64.0,736.0,347.0,326.0,,,1,Super_Lig,2022_2023,,,,
315,Čukarički,33,37,85,4,4,,,,,,,,,0,Serbian_SuperLiga,2021_2022,,,,
315,Čukarički,36,37,85,4,2,,,,,,,,,0,Serbian_SuperLiga,2022_2023,,,,
315,Čukarički,43,37,76,5,1,,,,,,,,,0,Serbian_SuperLiga,2023_2024,,,,
316,İstanbulspor,34,38,94,6,4,447.0,412.0,61.0,539.0,344.0,362.0,,,1,Super_Lig,2023_2024,,,,
316,İstanbulspor,36,34,88,4,3,405.0,381.0,77.0,428.0,411.0,357.0,,,1,Super_Lig,2022_2023,,,,
317,Łódzki KS,37,34,87,6,3,,,,,,,,,1,Ekstraklasa,2023_2024,,,,
318,Śląsk Wrocław,33,34,72,5,3,,,,,,,,,4,Ekstraklasa,2021_2022,,,,
318,Śląsk Wrocław,29,34,81,4,3,,,,,,,,,2,Ekstraklasa,2022_2023,,,,
318,Śląsk Wrocław,31,34,75,4,3,,,,,,,,,1,Ekstraklasa,2023_2024,,,,
